DATE,PRCP,TAVG
19840101,0.4,-9999.0
19840102,0.0,-9999.0
19840103,0.0,-9999.0
19840104,0.0,-9999.0
19840105,0.9,-9999.0
19840106,0.5,-9999.0
19840107,0.4,-9999.0
19840108,0.3,-9999.0
19840109,0.3,-9999.0
19840110,6.0,-9999.0
19840111,0.6,-9999.0
19840112,0.0,-9999.0
19840113,0.0,-9999.0
19840114,0.0,-9999.0
19840115,0.9,-9999.0
19840116,4.4,-9999.0
19840117,0.0,-9999.0
19840118,0.0,-9999.0
19840119,0.0,-9999.0
19840120,0.1,-9999.0
19840121,2.6,-9999.0
19840122,0.1,-9999.0
19840123,0.3,-9999.0
19840124,1.0,-9999.0
19840125,3.8,-9999.0
19840126,6.6,-9999.0
19840127,1.4,-9999.0
19840128,0.1,-9999.0
19840129,0.2,-9999.0
19840130,3.6,-9999.0
19840131,0.6,-9999.0
19840201,2.6,-9999.0
19840202,2.8,-9999.0
19840203,0.0,-9999.0
19840204,0.0,-9999.0
19840205,1.7,-9999.0
19840206,1.5,-9999.0
19840207,0.4,-9999.0
19840208,0.5,-9999.0
19840209,7.4,-9999.0
19840210,19.1,-9999.0
19840211,2.2,-9999.0
19840212,3.5,-9999.0
19840213,3.4,-9999.0
19840214,2.5,-9999.0
19840215,0.4,-9999.0
19840216,0.0,-9999.0
19840217,0.2,-9999.0
19840218,0.0,-9999.0
19840219,1.0,-9999.0
19840220,7.5,-9999.0
19840221,0.2,-9999.0
19840222,4.6,-9999.0
19840223,2.5,-9999.0
19840224,0.5,-9999.0
19840225,0.0,-9999.0
19840226,0.0,-9999.0
19840227,0.0,-9999.0
19840228,3.3,-9999.0
19840229,0.0,-9999.0
19840301,0.0,-9999.0
19840302,10.5,-9999.0
19840303,3.8,-9999.0
19840304,13.5,-9999.0
19840305,0.2,-9999.0
19840306,0.4,-9999.0
19840307,4.7,-9999.0
19840308,0.4,-9999.0
19840309,0.0,-9999.0
19840310,3.5,-9999.0
19840311,9.0,-9999.0
19840312,8.5,-9999.0
19840313,4.1,-9999.0
19840314,2.0,-9999.0
19840315,0.7,-9999.0
19840316,0.3,-9999.0
19840317,1.1,-9999.0
19840318,0.0,-9999.0
19840319,3.9,-9999.0
19840320,0.0,-9999.0
19840321,0.0,-9999.0
19840322,0.8,-9999.0
19840323,6.0,-9999.0
19840324,1.6,-9999.0
19840325,0.0,-9999.0
19840326,0.0,-9999.0
19840327,2.9,-9999.0
19840328,0.0,-9999.0
19840329,0.0,-9999.0
19840330,0.0,-9999.0
19840331,1.0,-9999.0
19840401,0.0,-9999.0
19840402,0.0,-9999.0
19840403,0.0,-9999.0
19840404,0.0,-9999.0
19840405,0.0,-9999.0
19840406,0.0,-9999.0
19840407,0.0,-9999.0
19840408,12.9,-9999.0
19840409,5.7,-9999.0
19840410,13.1,-9999.0
19840411,0.0,-9999.0
19840412,0.0,-9999.0
19840413,0.0,-9999.0
19840414,0.0,-9999.0
19840415,0.0,-9999.0
19840416,0.0,-9999.0
19840417,1.0,-9999.0
19840418,1.3,-9999.0
19840419,7.3,-9999.0
19840420,0.4,-9999.0
19840421,0.6,-9999.0
19840422,0.0,-9999.0
19840423,0.0,-9999.0
19840424,2.0,-9999.0
19840425,8.4,-9999.0
19840426,7.3,-9999.0
19840427,9.1,-9999.0
19840428,0.0,-9999.0
19840429,25.0,-9999.0
19840430,0.1,-9999.0
19840501,1.0,-9999.0
19840502,0.0,-9999.0
19840503,0.0,-9999.0
19840504,0.0,-9999.0
19840505,0.0,-9999.0
19840506,0.0,-9999.0
19840507,0.0,-9999.0
19840508,0.0,-9999.0
19840509,0.0,-9999.0
19840510,0.0,-9999.0
19840511,0.0,-9999.0
19840512,2.9,-9999.0
19840513,0.0,-9999.0
19840514,47.6,-9999.0
19840515,3.9,-9999.0
19840516,0.0,-9999.0
19840517,0.0,-9999.0
19840518,0.0,-9999.0
19840519,0.0,-9999.0
19840520,0.0,-9999.0
19840521,5.5,-9999.0
19840522,0.0,-9999.0
19840523,0.0,-9999.0
19840524,0.0,-9999.0
19840525,0.5,-9999.0
19840526,0.4,-9999.0
19840527,0.0,-9999.0
19840528,0.0,-9999.0
19840529,1.6,-9999.0
19840530,0.0,-9999.0
19840531,1.6,-9999.0
19840601,1.8,-9999.0
19840602,13.1,-9999.0
19840603,1.3,-9999.0
19840604,0.8,-9999.0
19840605,0.0,-9999.0
19840606,0.0,-9999.0
19840607,0.0,-9999.0
19840608,18.2,-9999.0
19840609,8.2,-9999.0
19840610,0.5,-9999.0
19840611,0.0,-9999.0
19840612,0.0,-9999.0
19840613,0.0,-9999.0
19840614,0.0,-9999.0
19840615,0.0,-9999.0
19840616,0.5,-9999.0
19840617,0.0,-9999.0
19840618,0.0,-9999.0
19840619,0.0,-9999.0
19840620,0.0,-9999.0
19840621,0.0,-9999.0
19840622,0.0,-9999.0
19840623,0.1,-9999.0
19840624,0.1,-9999.0
19840625,12.9,-9999.0
19840626,0.0,-9999.0
19840627,0.0,-9999.0
19840628,0.0,-9999.0
19840629,0.0,-9999.0
19840630,0.0,-9999.0
19840701,14.2,-9999.0
19840702,0.0,-9999.0
19840703,5.6,-9999.0
19840704,0.3,-9999.0
19840705,0.0,-9999.0
19840706,0.0,-9999.0
19840707,1.2,-9999.0
19840708,0.6,-9999.0
19840709,13.7,-9999.0
19840710,0.0,-9999.0
19840711,0.0,-9999.0
19840712,0.0,-9999.0
19840713,0.0,-9999.0
19840714,0.0,-9999.0
19840715,1.3,-9999.0
19840716,1.2,-9999.0
19840717,0.0,-9999.0
19840718,0.0,-9999.0
19840719,2.9,-9999.0
19840720,0.0,-9999.0
19840721,0.2,-9999.0
19840722,0.0,-9999.0
19840723,0.0,-9999.0
19840724,0.4,-9999.0
19840725,0.0,-9999.0
19840726,0.0,-9999.0
19840727,3.7,-9999.0
19840728,0.3,-9999.0
19840729,0.0,-9999.0
19840730,0.0,-9999.0
19840731,0.0,-9999.0
19840801,0.0,-9999.0
19840802,1.2,-9999.0
19840803,10.4,-9999.0
19840804,0.0,-9999.0
19840805,0.0,-9999.0
19840806,0.0,-9999.0
19840807,0.0,-9999.0
19840808,0.0,-9999.0
19840809,0.0,-9999.0
19840810,0.0,-9999.0
19840811,0.0,-9999.0
19840812,0.0,-9999.0
19840813,0.6,-9999.0
19840814,0.0,-9999.0
19840815,0.0,-9999.0
19840816,0.5,-9999.0
19840817,3.4,-9999.0
19840818,0.0,-9999.0
19840819,0.0,-9999.0
19840820,0.0,-9999.0
19840821,0.0,-9999.0
19840822,0.0,-9999.0
19840823,1.4,-9999.0
19840824,0.5,-9999.0
19840825,0.0,-9999.0
19840826,0.1,-9999.0
19840827,0.0,-9999.0
19840828,0.0,-9999.0
19840829,0.0,-9999.0
19840830,0.0,-9999.0
19840831,0.0,-9999.0
19840901,0.0,-9999.0
19840902,0.3,-9999.0
19840903,0.4,-9999.0
19840904,0.0,-9999.0
19840905,0.0,-9999.0
19840906,0.0,-9999.0
19840907,0.0,-9999.0
19840908,0.0,-9999.0
19840909,1.5,-9999.0
19840910,4.4,-9999.0
19840911,0.5,-9999.0
19840912,0.0,-9999.0
19840913,0.0,-9999.0
19840914,0.0,-9999.0
19840915,0.0,-9999.0
19840916,0.0,-9999.0
19840917,0.0,-9999.0
19840918,0.0,-9999.0
19840919,0.0,-9999.0
19840920,0.0,-9999.0
19840921,0.0,-9999.0
19840922,0.0,-9999.0
19840923,4.7,-9999.0
19840924,0.0,-9999.0
19840925,0.0,-9999.0
19840926,0.5,-9999.0
19840927,3.2,-9999.0
19840928,0.3,-9999.0
19840929,0.0,-9999.0
19840930,0.0,-9999.0
19841001,0.0,-9999.0
19841002,0.0,-9999.0
19841003,0.0,-9999.0
19841004,0.1,-9999.0
19841005,0.0,-9999.0
19841006,0.0,-9999.0
19841007,0.0,-9999.0
19841008,0.0,-9999.0
19841009,2.7,-9999.0
19841010,0.0,-9999.0
19841011,0.0,-9999.0
19841012,0.0,-9999.0
19841013,5.9,-9999.0
19841014,0.0,-9999.0
19841015,1.4,-9999.0
19841016,0.3,-9999.0
19841017,0.8,-9999.0
19841018,0.0,-9999.0
19841019,0.0,-9999.0
19841020,0.0,-9999.0
19841021,0.0,-9999.0
19841022,1.6,-9999.0
19841023,0.0,-9999.0
19841024,0.0,-9999.0
19841025,0.0,-9999.0
19841026,0.0,-9999.0
19841027,0.0,-9999.0
19841028,0.1,-9999.0
19841029,0.0,-9999.0
19841030,0.3,-9999.0
19841031,0.0,-9999.0
19841101,0.0,-9999.0
19841102,0.0,-9999.0
19841103,0.0,-9999.0
19841104,0.0,-9999.0
19841105,0.0,-9999.0
19841106,0.0,-9999.0
19841107,0.1,-9999.0
19841108,0.0,-9999.0
19841109,0.5,-9999.0
19841110,0.0,-9999.0
19841111,0.0,-9999.0
19841112,0.0,-9999.0
19841113,0.0,-9999.0
19841114,0.0,-9999.0
19841115,0.0,-9999.0
19841116,2.0,-9999.0
19841117,0.0,-9999.0
19841118,3.4,-9999.0
19841119,1.4,-9999.0
19841120,8.9,-9999.0
19841121,1.7,-9999.0
19841122,0.0,-9999.0
19841123,4.6,-9999.0
19841124,1.2,-9999.0
19841125,0.0,-9999.0
19841126,0.0,-9999.0
19841127,1.0,-9999.0
19841128,9.4,-9999.0
19841129,0.0,-9999.0
19841130,0.0,-9999.0
19841201,0.0,-9999.0
19841202,0.0,-9999.0
19841203,0.2,-9999.0
19841204,0.0,-9999.0
19841205,0.0,-9999.0
19841206,0.0,-9999.0
19841207,0.0,-9999.0
19841208,0.0,-9999.0
19841209,0.0,-9999.0
19841210,0.0,-9999.0
19841211,0.0,-9999.0
19841212,1.2,-9999.0
19841213,0.0,-9999.0
19841214,0.0,-9999.0
19841215,0.0,-9999.0
19841216,0.2,-9999.0
19841217,0.3,-9999.0
19841218,1.2,-9999.0
19841219,0.8,-9999.0
19841220,2.3,-9999.0
19841221,0.0,-9999.0
19841222,0.0,-9999.0
19841223,0.0,-9999.0
19841224,0.0,-9999.0
19841225,0.5,-9999.0
19841226,6.4,-9999.0
19841227,23.2,-9999.0
19841228,2.2,-9999.0
19841229,0.2,-9999.0
19841230,0.3,-9999.0
19841231,0.0,-9999.0
19850101,0.0,-9999.0
19850102,0.2,-9999.0
19850103,11.0,-9999.0
19850104,0.6,-9999.0
19850105,0.0,-9999.0
19850106,2.6,-9999.0
19850107,16.5,-9999.0
19850108,0.5,-9999.0
19850109,20.9,-9999.0
19850110,0.8,-9999.0
19850111,0.0,-9999.0
19850112,0.4,-9999.0
19850113,0.0,-9999.0
19850114,0.0,-9999.0
19850115,0.0,-9999.0
19850116,0.0,-9999.0
19850117,0.2,-9999.0
19850118,0.0,-9999.0
19850119,0.7,-9999.0
19850120,0.0,-9999.0
19850121,0.0,-9999.0
19850122,0.0,-9999.0
19850123,0.0,-9999.0
19850124,0.0,-9999.0
19850125,0.3,-9999.0
19850126,0.0,-9999.0
19850127,0.0,-9999.0
19850128,0.0,-9999.0
19850129,0.0,-9999.0
19850130,0.0,-9999.0
19850131,0.0,-9999.0
19850201,0.5,-9999.0
19850202,5.0,-9999.0
19850203,0.9,-9999.0
19850204,0.0,-9999.0
19850205,0.0,-9999.0
19850206,0.0,-9999.0
19850207,0.5,-9999.0
19850208,0.0,-9999.0
19850209,1.3,-9999.0
19850210,6.9,-9999.0
19850211,9.6,-9999.0
19850212,6.2,-9999.0
19850213,4.0,-9999.0
19850214,0.4,-9999.0
19850215,0.0,-9999.0
19850216,0.0,-9999.0
19850217,0.0,-9999.0
19850218,0.0,-9999.0
19850219,0.6,-9999.0
19850220,1.0,-9999.0
19850221,1.0,-9999.0
19850222,0.0,-9999.0
19850223,0.0,-9999.0
19850224,0.0,-9999.0
19850225,0.0,-9999.0
19850226,1.3,-9999.0
19850227,0.0,-9999.0
19850228,0.0,-9999.0
19850301,0.0,-9999.0
19850302,0.0,-9999.0
19850303,0.0,-9999.0
19850304,0.0,-9999.0
19850305,0.0,-9999.0
19850306,0.4,-9999.0
19850307,0.0,-9999.0
19850308,0.2,-9999.0
19850309,0.0,-9999.0
19850310,0.0,-9999.0
19850311,0.0,-9999.0
19850312,0.0,-9999.0
19850313,0.0,-9999.0
19850314,0.0,-9999.0
19850315,0.2,-9999.0
19850316,0.0,-9999.0
19850317,0.0,-9999.0
19850318,3.2,-9999.0
19850319,0.0,-9999.0
19850320,0.8,-9999.0
19850321,1.4,-9999.0
19850322,1.5,-9999.0
19850323,0.8,-9999.0
19850324,0.3,-9999.0
19850325,0.0,-9999.0
19850326,0.0,-9999.0
19850327,0.0,-9999.0
19850328,0.0,-9999.0
19850329,2.2,-9999.0
19850330,0.0,-9999.0
19850331,0.0,-9999.0
19850401,0.0,-9999.0
19850402,0.0,-9999.0
19850403,0.0,-9999.0
19850404,0.0,-9999.0
19850405,0.0,-9999.0
19850406,0.0,-9999.0
19850407,0.0,-9999.0
19850408,0.9,-9999.0
19850409,1.0,-9999.0
19850410,0.0,-9999.0
19850411,0.0,-9999.0
19850412,0.0,-9999.0
19850413,0.0,-9999.0
19850414,0.0,-9999.0
19850415,0.0,-9999.0
19850416,0.4,-9999.0
19850417,0.0,-9999.0
19850418,0.0,-9999.0
19850419,0.0,-9999.0
19850420,0.0,-9999.0
19850421,0.0,-9999.0
19850422,2.1,-9999.0
19850423,0.0,-9999.0
19850424,0.0,-9999.0
19850425,10.2,-9999.0
19850426,0.0,-9999.0
19850427,0.0,-9999.0
19850428,0.0,-9999.0
19850429,9.4,-9999.0
19850430,0.8,-9999.0
19850501,0.0,-9999.0
19850502,0.0,-9999.0
19850503,0.0,-9999.0
19850504,0.7,-9999.0
19850505,0.0,-9999.0
19850506,0.0,-9999.0
19850507,0.4,-9999.0
19850508,0.0,-9999.0
19850509,0.0,-9999.0
19850510,0.0,-9999.0
19850511,0.0,-9999.0
19850512,0.0,-9999.0
19850513,0.0,-9999.0
19850514,5.1,-9999.0
19850515,0.6,-9999.0
19850516,12.0,-9999.0
19850517,0.0,-9999.0
19850518,20.6,-9999.0
19850519,0.1,-9999.0
19850520,0.0,-9999.0
19850521,0.1,-9999.0
19850522,0.5,-9999.0
19850523,3.7,-9999.0
19850524,0.3,-9999.0
19850525,0.1,-9999.0
19850526,0.0,-9999.0
19850527,0.0,-9999.0
19850528,0.0,-9999.0
19850529,0.0,-9999.0
19850530,0.0,-9999.0
19850531,0.0,-9999.0
19850601,0.0,-9999.0
19850602,3.5,-9999.0
19850603,1.0,-9999.0
19850604,0.4,-9999.0
19850605,0.0,-9999.0
19850606,0.0,-9999.0
19850607,0.0,-9999.0
19850608,0.0,-9999.0
19850609,1.8,-9999.0
19850610,0.0,-9999.0
19850611,24.1,-9999.0
19850612,0.5,-9999.0
19850613,0.0,-9999.0
19850614,0.3,-9999.0
19850615,0.0,-9999.0
19850616,12.0,-9999.0
19850617,0.0,-9999.0
19850618,24.3,-9999.0
19850619,50.8,-9999.0
19850620,5.8,-9999.0
19850621,1.7,-9999.0
19850622,0.0,-9999.0
19850623,0.0,-9999.0
19850624,14.9,-9999.0
19850625,4.7,-9999.0
19850626,0.0,-9999.0
19850627,0.0,-9999.0
19850628,0.3,-9999.0
19850629,13.4,-9999.0
19850630,0.0,-9999.0
19850701,0.0,-9999.0
19850702,0.0,-9999.0
19850703,7.6,-9999.0
19850704,8.8,-9999.0
19850705,5.6,-9999.0
19850706,5.3,-9999.0
19850707,0.0,-9999.0
19850708,0.0,-9999.0
19850709,0.0,-9999.0
19850710,0.0,-9999.0
19850711,0.0,-9999.0
19850712,0.7,-9999.0
19850713,0.0,-9999.0
19850714,0.0,-9999.0
19850715,0.0,-9999.0
19850716,0.0,-9999.0
19850717,0.0,-9999.0
19850718,0.2,-9999.0
19850719,0.0,-9999.0
19850720,0.0,-9999.0
19850721,0.0,-9999.0
19850722,0.0,-9999.0
19850723,0.0,-9999.0
19850724,0.5,-9999.0
19850725,0.0,-9999.0
19850726,2.3,-9999.0
19850727,0.0,-9999.0
19850728,0.0,-9999.0
19850729,0.0,-9999.0
19850730,0.0,-9999.0
19850731,0.0,-9999.0
19850801,6.6,-9999.0
19850802,0.0,-9999.0
19850803,45.2,-9999.0
19850804,5.5,-9999.0
19850805,0.0,-9999.0
19850806,0.0,-9999.0
19850807,0.0,-9999.0
19850808,0.0,-9999.0
19850809,0.0,-9999.0
19850810,0.0,-9999.0
19850811,0.0,-9999.0
19850812,0.0,-9999.0
19850813,0.0,-9999.0
19850814,0.0,-9999.0
19850815,0.0,-9999.0
19850816,0.0,-9999.0
19850817,0.0,-9999.0
19850818,0.0,-9999.0
19850819,0.0,-9999.0
19850820,0.0,-9999.0
19850821,0.4,-9999.0
19850822,0.0,-9999.0
19850823,0.0,-9999.0
19850824,0.0,-9999.0
19850825,0.0,-9999.0
19850826,0.0,-9999.0
19850827,0.0,-9999.0
19850828,0.0,-9999.0
19850829,0.0,-9999.0
19850830,0.0,-9999.0
19850831,18.6,-9999.0
19850901,0.0,-9999.0
19850902,0.0,-9999.0
19850903,45.6,-9999.0
19850904,0.1,-9999.0
19850905,14.5,-9999.0
19850906,0.0,-9999.0
19850907,2.8,-9999.0
19850908,0.0,-9999.0
19850909,1.4,-9999.0
19850910,0.0,-9999.0
19850911,0.0,-9999.0
19850912,2.3,-9999.0
19850913,1.5,-9999.0
19850914,0.0,-9999.0
19850915,0.0,-9999.0
19850916,0.0,-9999.0
19850917,0.0,-9999.0
19850918,0.0,-9999.0
19850919,0.0,-9999.0
19850920,0.0,-9999.0
19850921,0.0,-9999.0
19850922,0.0,-9999.0
19850923,0.0,-9999.0
19850924,0.0,-9999.0
19850925,0.0,-9999.0
19850926,0.0,-9999.0
19850927,0.0,-9999.0
19850928,0.0,-9999.0
19850929,0.0,-9999.0
19850930,0.0,-9999.0
19851001,0.0,-9999.0
19851002,0.0,-9999.0
19851003,0.0,-9999.0
19851004,0.0,-9999.0
19851005,0.0,-9999.0
19851006,0.0,-9999.0
19851007,0.0,-9999.0
19851008,0.0,-9999.0
19851009,0.0,-9999.0
19851010,0.0,-9999.0
19851011,3.0,-9999.0
19851012,0.0,-9999.0
19851013,1.6,-9999.0
19851014,0.0,-9999.0
19851015,0.0,-9999.0
19851016,0.3,-9999.0
19851017,0.0,-9999.0
19851018,1.9,-9999.0
19851019,0.0,-9999.0
19851020,0.4,-9999.0
19851021,0.0,-9999.0
19851022,0.0,-9999.0
19851023,0.0,-9999.0
19851024,0.1,-9999.0
19851025,0.0,-9999.0
19851026,0.0,-9999.0
19851027,0.0,-9999.0
19851028,0.0,-9999.0
19851029,0.0,-9999.0
19851030,0.0,-9999.0
19851031,0.0,-9999.0
19851101,0.0,-9999.0
19851102,0.0,-9999.0
19851103,12.5,-9999.0
19851104,0.0,-9999.0
19851105,0.0,-9999.0
19851106,0.0,-9999.0
19851107,5.4,-9999.0
19851108,0.0,-9999.0
19851109,0.0,-9999.0
19851110,0.0,-9999.0
19851111,0.0,-9999.0
19851112,0.0,-9999.0
19851113,0.6,-9999.0
19851114,0.0,-9999.0
19851115,0.0,-9999.0
19851116,0.0,-9999.0
19851117,0.3,-9999.0
19851118,0.0,-9999.0
19851119,0.0,-9999.0
19851120,0.2,-9999.0
19851121,0.0,-9999.0
19851122,0.0,-9999.0
19851123,0.0,-9999.0
19851124,0.0,-9999.0
19851125,4.0,-9999.0
19851126,1.2,-9999.0
19851127,7.6,-9999.0
19851128,0.0,-9999.0
19851129,0.5,-9999.0
19851130,0.0,-9999.0
19851201,0.0,-9999.0
19851202,1.3,-9999.0
19851203,2.7,-9999.0
19851204,0.0,-9999.0
19851205,0.0,-9999.0
19851206,0.0,-9999.0
19851207,0.0,-9999.0
19851208,0.0,-9999.0
19851209,0.6,-9999.0
19851210,1.7,-9999.0
19851211,0.5,-9999.0
19851212,0.7,-9999.0
19851213,0.4,-9999.0
19851214,0.0,-9999.0
19851215,0.0,-9999.0
19851216,1.9,-9999.0
19851217,1.2,-9999.0
19851218,0.3,-9999.0
19851219,0.0,-9999.0
19851220,0.0,-9999.0
19851221,0.0,-9999.0
19851222,0.0,-9999.0
19851223,0.0,-9999.0
19851224,0.0,-9999.0
19851225,0.3,-9999.0
19851226,0.6,-9999.0
19851227,0.0,-9999.0
19851228,0.0,-9999.0
19851229,0.0,-9999.0
19851230,0.5,-9999.0
19851231,2.5,-9999.0
19860101,0.6,-9999.0
19860102,0.6,-9999.0
19860103,0.9,-9999.0
19860104,0.0,-9999.0
19860105,0.1,-9999.0
19860106,0.0,-9999.0
19860107,11.9,-9999.0
19860108,6.6,-9999.0
19860109,0.0,-9999.0
19860110,0.7,-9999.0
19860111,0.0,-9999.0
19860112,0.0,-9999.0
19860113,0.0,-9999.0
19860114,0.4,-9999.0
19860115,0.0,-9999.0
19860116,0.0,-9999.0
19860117,0.0,-9999.0
19860118,0.0,-9999.0
19860119,0.2,-9999.0
19860120,0.0,-9999.0
19860121,0.0,-9999.0
19860122,0.0,-9999.0
19860123,0.0,-9999.0
19860124,0.0,-9999.0
19860125,0.0,-9999.0
19860126,1.8,-9999.0
19860127,1.4,-9999.0
19860128,0.0,-9999.0
19860129,2.1,-9999.0
19860130,0.8,-9999.0
19860131,2.2,-9999.0
19860201,0.8,-9999.0
19860202,0.2,-9999.0
19860203,0.0,-9999.0
19860204,0.0,-9999.0
19860205,0.0,-9999.0
19860206,0.7,-9999.0
19860207,0.0,-9999.0
19860208,2.0,-9999.0
19860209,2.4,-9999.0
19860210,2.6,-9999.0
19860211,0.2,-9999.0
19860212,0.0,-9999.0
19860213,5.2,-9999.0
19860214,3.3,-9999.0
19860215,11.9,-9999.0
19860216,0.0,-9999.0
19860217,0.6,-9999.0
19860218,0.6,-9999.0
19860219,1.1,-9999.0
19860220,22.4,-9999.0
19860221,5.3,-9999.0
19860222,0.6,-9999.0
19860223,13.9,-9999.0
19860224,3.7,-9999.0
19860225,2.8,-9999.0
19860226,0.0,-9999.0
19860227,0.0,-9999.0
19860228,0.0,-9999.0
19860301,0.0,-9999.0
19860302,2.1,-9999.0
19860303,7.0,-9999.0
19860304,0.0,-9999.0
19860305,0.0,-9999.0
19860306,0.0,-9999.0
19860307,1.3,-9999.0
19860308,0.3,-9999.0
19860309,0.0,-9999.0
19860310,1.1,-9999.0
19860311,1.3,-9999.0
19860312,0.7,-9999.0
19860313,0.5,-9999.0
19860314,0.0,-9999.0
19860315,0.0,-9999.0
19860316,0.7,-9999.0
19860317,8.2,-9999.0
19860318,0.6,-9999.0
19860319,0.3,-9999.0
19860320,0.0,-9999.0
19860321,0.0,-9999.0
19860322,0.0,-9999.0
19860323,0.0,-9999.0
19860324,0.0,-9999.0
19860325,0.0,-9999.0
19860326,0.0,-9999.0
19860327,0.0,-9999.0
19860328,0.0,-9999.0
19860329,0.0,-9999.0
19860330,0.0,-9999.0
19860331,0.0,-9999.0
19860401,0.0,-9999.0
19860402,0.0,-9999.0
19860403,0.0,-9999.0
19860404,0.0,-9999.0
19860405,0.0,-9999.0
19860406,0.0,-9999.0
19860407,0.0,-9999.0
19860408,0.0,-9999.0
19860409,0.0,-9999.0
19860410,0.0,-9999.0
19860411,0.0,-9999.0
19860412,0.0,-9999.0
19860413,2.9,-9999.0
19860414,8.6,-9999.0
19860415,0.0,-9999.0
19860416,0.0,-9999.0
19860417,0.0,-9999.0
19860418,0.0,-9999.0
19860419,0.0,-9999.0
19860420,0.0,-9999.0
19860421,0.0,-9999.0
19860422,0.0,-9999.0
19860423,0.0,-9999.0
19860424,0.0,-9999.0
19860425,0.1,-9999.0
19860426,0.0,-9999.0
19860427,0.0,-9999.0
19860428,0.0,-9999.0
19860429,0.0,-9999.0
19860430,0.0,-9999.0
19860501,0.0,-9999.0
19860502,0.0,-9999.0
19860503,0.0,-9999.0
19860504,0.0,-9999.0
19860505,0.0,-9999.0
19860506,0.0,-9999.0
19860507,0.0,-9999.0
19860508,0.0,-9999.0
19860509,0.0,-9999.0
19860510,0.4,-9999.0
19860511,0.3,-9999.0
19860512,0.0,-9999.0
19860513,4.1,-9999.0
19860514,8.4,-9999.0
19860515,0.0,-9999.0
19860516,0.0,-9999.0
19860517,0.0,-9999.0
19860518,0.0,-9999.0
19860519,0.0,-9999.0
19860520,0.0,-9999.0
19860521,0.0,-9999.0
19860522,0.0,-9999.0
19860523,0.0,-9999.0
19860524,0.0,-9999.0
19860525,0.0,-9999.0
19860526,0.0,-9999.0
19860527,0.0,-9999.0
19860528,0.0,-9999.0
19860529,0.0,-9999.0
19860530,0.0,-9999.0
19860531,0.0,-9999.0
19860601,7.0,-9999.0
19860602,1.7,-9999.0
19860603,0.0,-9999.0
19860604,1.0,-9999.0
19860605,0.0,-9999.0
19860606,0.0,-9999.0
19860607,0.0,-9999.0
19860608,1.5,-9999.0
19860609,0.9,-9999.0
19860610,1.7,-9999.0
19860611,7.3,-9999.0
19860612,0.0,-9999.0
19860613,0.0,-9999.0
19860614,0.0,-9999.0
19860615,0.0,-9999.0
19860616,0.0,-9999.0
19860617,0.0,-9999.0
19860618,0.0,-9999.0
19860619,0.0,-9999.0
19860620,0.0,-9999.0
19860621,0.0,-9999.0
19860622,0.0,-9999.0
19860623,4.8,-9999.0
19860624,0.0,-9999.0
19860625,2.2,-9999.0
19860626,0.3,-9999.0
19860627,7.2,-9999.0
19860628,0.1,-9999.0
19860629,0.8,-9999.0
19860630,1.2,-9999.0
19860701,3.4,-9999.0
19860702,0.1,-9999.0
19860703,0.0,-9999.0
19860704,7.1,-9999.0
19860705,0.0,-9999.0
19860706,0.0,-9999.0
19860707,0.0,-9999.0
19860708,1.8,-9999.0
19860709,2.7,-9999.0
19860710,0.0,-9999.0
19860711,0.0,-9999.0
19860712,0.0,-9999.0
19860713,0.0,-9999.0
19860714,0.0,-9999.0
19860715,4.3,-9999.0
19860716,0.6,-9999.0
19860717,0.0,-9999.0
19860718,0.0,-9999.0
19860719,0.0,-9999.0
19860720,0.0,-9999.0
19860721,0.0,-9999.0
19860722,0.0,-9999.0
19860723,0.0,-9999.0
19860724,0.0,-9999.0
19860725,0.8,-9999.0
19860726,0.0,-9999.0
19860727,0.9,-9999.0
19860728,10.5,-9999.0
19860729,1.6,-9999.0
19860730,2.5,-9999.0
19860731,0.0,-9999.0
19860801,0.0,-9999.0
19860802,0.0,-9999.0
19860803,3.8,-9999.0
19860804,0.0,-9999.0
19860805,0.5,-9999.0
19860806,0.0,-9999.0
19860807,0.0,-9999.0
19860808,0.0,-9999.0
19860809,0.0,-9999.0
19860810,0.0,-9999.0
19860811,0.0,-9999.0
19860812,0.0,-9999.0
19860813,0.0,-9999.0
19860814,2.8,-9999.0
19860815,0.0,-9999.0
19860816,0.0,-9999.0
19860817,0.0,-9999.0
19860818,0.0,-9999.0
19860819,0.0,-9999.0
19860820,0.0,-9999.0
19860821,0.0,-9999.0
19860822,0.0,-9999.0
19860823,0.0,-9999.0
19860824,0.0,-9999.0
19860825,10.0,-9999.0
19860826,0.0,-9999.0
19860827,0.0,-9999.0
19860828,0.0,-9999.0
19860829,0.0,-9999.0
19860830,0.0,-9999.0
19860831,25.1,-9999.0
19860901,0.0,-9999.0
19860902,0.0,-9999.0
19860903,0.0,-9999.0
19860904,0.0,-9999.0
19860905,0.8,-9999.0
19860906,0.0,-9999.0
19860907,0.0,-9999.0
19860908,0.0,-9999.0
19860909,0.0,-9999.0
19860910,0.0,-9999.0
19860911,0.0,-9999.0
19860912,0.0,-9999.0
19860913,0.0,-9999.0
19860914,0.0,-9999.0
19860915,0.0,-9999.0
19860916,0.0,-9999.0
19860917,0.0,-9999.0
19860918,0.3,-9999.0
19860919,3.5,-9999.0
19860920,0.0,-9999.0
19860921,0.0,-9999.0
19860922,0.0,-9999.0
19860923,0.0,-9999.0
19860924,0.0,-9999.0
19860925,0.0,-9999.0
19860926,0.0,-9999.0
19860927,9.4,-9999.0
19860928,4.2,-9999.0
19860929,0.0,-9999.0
19860930,0.1,-9999.0
19861001,0.0,-9999.0
19861002,0.0,-9999.0
19861003,0.0,-9999.0
19861004,0.0,-9999.0
19861005,0.0,-9999.0
19861006,0.0,-9999.0
19861007,0.0,-9999.0
19861008,0.0,-9999.0
19861009,0.1,-9999.0
19861010,0.0,-9999.0
19861011,0.0,-9999.0
19861012,0.0,-9999.0
19861013,0.0,-9999.0
19861014,0.0,-9999.0
19861015,0.0,-9999.0
19861016,0.0,-9999.0
19861017,6.6,-9999.0
19861018,3.8,-9999.0
19861019,1.3,-9999.0
19861020,0.6,-9999.0
19861021,10.2,-9999.0
19861022,1.1,-9999.0
19861023,0.0,-9999.0
19861024,0.0,-9999.0
19861025,14.5,-9999.0
19861026,0.0,-9999.0
19861027,0.0,-9999.0
19861028,0.0,-9999.0
19861029,0.0,-9999.0
19861030,0.0,-9999.0
19861031,0.1,-9999.0
19861101,0.0,-9999.0
19861102,0.0,-9999.0
19861103,0.0,-9999.0
19861104,0.0,-9999.0
19861105,0.0,-9999.0
19861106,0.0,-9999.0
19861107,1.0,-9999.0
19861108,0.0,-9999.0
19861109,0.0,-9999.0
19861110,0.0,-9999.0
19861111,0.0,-9999.0
19861112,0.0,-9999.0
19861113,0.0,-9999.0
19861114,0.0,-9999.0
19861115,0.0,-9999.0
19861116,0.6,-9999.0
19861117,0.0,-9999.0
19861118,0.0,-9999.0
19861119,0.4,-9999.0
19861120,0.8,-9999.0
19861121,0.3,-9999.0
19861122,0.0,-9999.0
19861123,0.1,-9999.0
19861124,0.0,-9999.0
19861125,4.8,-9999.0
19861126,0.6,-9999.0
19861127,0.0,-9999.0
19861128,0.0,-9999.0
19861129,0.0,-9999.0
19861130,0.0,-9999.0
19861201,0.0,-9999.0
19861202,0.0,-9999.0
19861203,0.0,-9999.0
19861204,0.0,-9999.0
19861205,0.0,-9999.0
19861206,0.0,-9999.0
19861207,0.0,-9999.0
19861208,0.0,-9999.0
19861209,0.0,-9999.0
19861210,0.0,-9999.0
19861211,0.0,-9999.0
19861212,0.0,-9999.0
19861213,0.0,-9999.0
19861214,0.0,-9999.0
19861215,0.3,-9999.0
19861216,0.0,-9999.0
19861217,7.6,-9999.0
19861218,5.1,-9999.0
19861219,0.7,-9999.0
19861220,5.3,-9999.0
19861221,0.0,-9999.0
19861222,0.0,-9999.0
19861223,14.8,-9999.0
19861224,0.0,-9999.0
19861225,0.0,-9999.0
19861226,2.7,-9999.0
19861227,0.0,-9999.0
19861228,0.9,-9999.0
19861229,0.3,-9999.0
19861230,0.0,-9999.0
19861231,0.0,-9999.0
19870101,0.0,-9999.0
19870102,0.6,-9999.0
19870103,11.9,-9999.0
19870104,0.0,-9999.0
19870105,0.0,-9999.0
19870106,0.0,-9999.0
19870107,0.0,-9999.0
19870108,0.6,-9999.0
19870109,0.0,-9999.0
19870110,0.0,-9999.0
19870111,0.9,-9999.0
19870112,6.6,-9999.0
19870113,0.3,-9999.0
19870114,0.3,-9999.0
19870115,1.0,-9999.0
19870116,0.4,-9999.0
19870117,3.6,-9999.0
19870118,0.0,-9999.0
19870119,0.0,-9999.0
19870120,0.2,-9999.0
19870121,0.0,-9999.0
19870122,0.0,-9999.0
19870123,0.0,-9999.0
19870124,1.5,-9999.0
19870125,0.0,-9999.0
19870126,0.0,-9999.0
19870127,0.2,-9999.0
19870128,0.0,-9999.0
19870129,0.4,-9999.0
19870130,3.7,-9999.0
19870131,0.0,-9999.0
19870201,0.4,-9999.0
19870202,0.0,-9999.0
19870203,0.2,-9999.0
19870204,0.5,-9999.0
19870205,0.9,-9999.0
19870206,0.5,-9999.0
19870207,0.4,-9999.0
19870208,2.2,-9999.0
19870209,0.0,-9999.0
19870210,0.0,-9999.0
19870211,0.4,-9999.0
19870212,0.3,-9999.0
19870213,1.6,-9999.0
19870214,1.7,-9999.0
19870215,0.6,-9999.0
19870216,2.0,-9999.0
19870217,1.0,-9999.0
19870218,0.1,-9999.0
19870219,0.5,-9999.0
19870220,0.8,-9999.0
19870221,1.5,-9999.0
19870222,0.0,-9999.0
19870223,0.0,-9999.0
19870224,2.3,-9999.0
19870225,0.0,-9999.0
19870226,0.0,-9999.0
19870227,0.0,-9999.0
19870228,0.0,-9999.0
19870301,0.2,-9999.0
19870302,1.3,-9999.0
19870303,5.0,-9999.0
19870304,0.0,-9999.0
19870305,0.0,-9999.0
19870306,0.0,-9999.0
19870307,0.0,-9999.0
19870308,0.7,-9999.0
19870309,3.2,-9999.0
19870310,0.0,-9999.0
19870311,0.0,-9999.0
19870312,0.0,-9999.0
19870313,0.0,-9999.0
19870314,0.0,-9999.0
19870315,0.0,-9999.0
19870316,0.0,-9999.0
19870317,0.0,-9999.0
19870318,0.0,-9999.0
19870319,0.0,-9999.0
19870320,0.0,-9999.0
19870321,0.0,-9999.0
19870322,0.0,-9999.0
19870323,0.9,-9999.0
19870324,0.7,-9999.0
19870325,0.0,-9999.0
19870326,0.0,-9999.0
19870327,0.5,-9999.0
19870328,0.7,-9999.0
19870329,0.0,-9999.0
19870330,0.0,-9999.0
19870331,0.0,-9999.0
19870401,0.0,-9999.0
19870402,0.0,-9999.0
19870403,0.0,-9999.0
19870404,0.0,-9999.0
19870405,0.0,-9999.0
19870406,0.0,-9999.0
19870407,0.1,-9999.0
19870408,0.0,-9999.0
19870409,0.0,-9999.0
19870410,0.0,-9999.0
19870411,2.2,-9999.0
19870412,7.9,-9999.0
19870413,0.0,-9999.0
19870414,2.1,-9999.0
19870415,1.3,-9999.0
19870416,0.0,-9999.0
19870417,0.0,-9999.0
19870418,0.7,-9999.0
19870419,0.0,-9999.0
19870420,0.0,-9999.0
19870421,0.3,-9999.0
19870422,6.4,-9999.0
19870423,0.0,-9999.0
19870424,0.0,-9999.0
19870425,0.0,-9999.0
19870426,0.3,-9999.0
19870427,0.6,-9999.0
19870428,0.0,-9999.0
19870429,0.0,-9999.0
19870430,0.0,-9999.0
19870501,2.1,-9999.0
19870502,0.7,-9999.0
19870503,0.0,-9999.0
19870504,0.1,-9999.0
19870505,0.1,-9999.0
19870506,1.0,-9999.0
19870507,0.0,-9999.0
19870508,0.3,-9999.0
19870509,2.8,-9999.0
19870510,1.9,-9999.0
19870511,0.0,-9999.0
19870512,0.8,-9999.0
19870513,0.0,-9999.0
19870514,0.0,-9999.0
19870515,0.0,-9999.0
19870516,0.4,-9999.0
19870517,0.0,-9999.0
19870518,0.0,-9999.0
19870519,0.0,-9999.0
19870520,0.0,-9999.0
19870521,0.0,-9999.0
19870522,6.0,-9999.0
19870523,22.9,-9999.0
19870524,10.1,-9999.0
19870525,0.0,-9999.0
19870526,0.0,-9999.0
19870527,1.4,-9999.0
19870528,0.0,-9999.0
19870529,0.0,-9999.0
19870530,0.0,-9999.0
19870531,0.0,-9999.0
19870601,0.0,-9999.0
19870602,0.0,-9999.0
19870603,0.0,-9999.0
19870604,0.1,-9999.0
19870605,0.0,-9999.0
19870606,22.8,-9999.0
19870607,0.7,-9999.0
19870608,0.0,-9999.0
19870609,0.0,-9999.0
19870610,0.8,-9999.0
19870611,2.3,-9999.0
19870612,12.3,-9999.0
19870613,0.0,-9999.0
19870614,0.0,-9999.0
19870615,0.3,-9999.0
19870616,0.0,-9999.0
19870617,2.7,-9999.0
19870618,0.0,-9999.0
19870619,0.0,-9999.0
19870620,0.0,-9999.0
19870621,0.0,-9999.0
19870622,9.3,-9999.0
19870623,9.2,-9999.0
19870624,1.4,-9999.0
19870625,0.0,-9999.0
19870626,0.0,-9999.0
19870627,0.0,-9999.0
19870628,0.0,-9999.0
19870629,0.0,-9999.0
19870630,0.0,-9999.0
19870701,0.0,-9999.0
19870702,0.0,-9999.0
19870703,16.6,-9999.0
19870704,85.9,-9999.0
19870705,7.0,-9999.0
19870706,0.5,-9999.0
19870707,0.0,-9999.0
19870708,0.0,-9999.0
19870709,0.0,-9999.0
19870710,0.0,-9999.0
19870711,0.0,-9999.0
19870712,0.0,-9999.0
19870713,0.0,-9999.0
19870714,1.1,-9999.0
19870715,0.6,-9999.0
19870716,0.0,-9999.0
19870717,0.0,-9999.0
19870718,0.0,-9999.0
19870719,0.0,-9999.0
19870720,0.0,-9999.0
19870721,0.0,-9999.0
19870722,0.0,-9999.0
19870723,0.0,-9999.0
19870724,0.0,-9999.0
19870725,0.0,-9999.0
19870726,0.0,-9999.0
19870727,0.3,-9999.0
19870728,0.0,-9999.0
19870729,0.0,-9999.0
19870730,0.0,-9999.0
19870731,0.1,-9999.0
19870801,0.4,-9999.0
19870802,0.6,-9999.0
19870803,0.0,-9999.0
19870804,0.0,-9999.0
19870805,0.0,-9999.0
19870806,0.4,-9999.0
19870807,0.0,-9999.0
19870808,1.1,-9999.0
19870809,0.0,-9999.0
19870810,0.0,-9999.0
19870811,10.4,-9999.0
19870812,0.0,-9999.0
19870813,0.0,-9999.0
19870814,0.0,-9999.0
19870815,0.0,-9999.0
19870816,9.7,-9999.0
19870817,0.0,-9999.0
19870818,0.0,-9999.0
19870819,0.0,-9999.0
19870820,5.8,-9999.0
19870821,10.7,-9999.0
19870822,21.6,-9999.0
19870823,0.0,-9999.0
19870824,0.0,-9999.0
19870825,0.0,-9999.0
19870826,0.0,-9999.0
19870827,0.0,-9999.0
19870828,0.0,-9999.0
19870829,0.1,-9999.0
19870830,0.0,-9999.0
19870831,0.0,-9999.0
19870901,0.0,-9999.0
19870902,0.0,-9999.0
19870903,0.0,-9999.0
19870904,0.0,-9999.0
19870905,0.0,-9999.0
19870906,0.0,-9999.0
19870907,0.0,-9999.0
19870908,0.0,-9999.0
19870909,0.0,-9999.0
19870910,2.3,-9999.0
19870911,0.0,-9999.0
19870912,0.0,-9999.0
19870913,0.0,-9999.0
19870914,0.0,-9999.0
19870915,0.0,-9999.0
19870916,0.0,-9999.0
19870917,0.0,-9999.0
19870918,0.0,-9999.0
19870919,0.0,-9999.0
19870920,0.0,-9999.0
19870921,0.0,-9999.0
19870922,0.0,-9999.0
19870923,0.0,-9999.0
19870924,0.0,-9999.0
19870925,0.0,-9999.0
19870926,0.0,-9999.0
19870927,0.0,-9999.0
19870928,0.0,-9999.0
19870929,7.1,-9999.0
19870930,1.2,-9999.0
19871001,0.0,-9999.0
19871002,0.0,-9999.0
19871003,0.0,-9999.0
19871004,0.0,-9999.0
19871005,0.0,-9999.0
19871006,0.0,-9999.0
19871007,0.0,-9999.0
19871008,0.0,-9999.0
19871009,14.7,-9999.0
19871010,0.0,-9999.0
19871011,0.0,-9999.0
19871012,0.0,-9999.0
19871013,0.1,-9999.0
19871014,5.7,-9999.0
19871015,0.0,-9999.0
19871016,0.0,-9999.0
19871017,6.2,-9999.0
19871018,0.1,-9999.0
19871019,1.7,-9999.0
19871020,0.0,-9999.0
19871021,0.0,-9999.0
19871022,0.0,-9999.0
19871023,0.0,-9999.0
19871024,0.0,-9999.0
19871025,0.0,-9999.0
19871026,2.9,-9999.0
19871027,2.2,-9999.0
19871028,0.0,-9999.0
19871029,0.0,-9999.0
19871030,1.3,-9999.0
19871031,1.6,-9999.0
19871101,3.0,-9999.0
19871102,0.0,-9999.0
19871103,0.0,-9999.0
19871104,0.3,-9999.0
19871105,0.0,-9999.0
19871106,0.0,-9999.0
19871107,0.0,-9999.0
19871108,0.0,-9999.0
19871109,0.0,-9999.0
19871110,0.5,-9999.0
19871111,3.5,-9999.0
19871112,9.6,-9999.0
19871113,0.4,-9999.0
19871114,0.1,-9999.0
19871115,0.0,-9999.0
19871116,0.0,-9999.0
19871117,0.6,-9999.0
19871118,0.0,-9999.0
19871119,0.4,-9999.0
19871120,7.7,-9999.0
19871121,2.9,-9999.0
19871122,35.0,-9999.0
19871123,0.1,-9999.0
19871124,0.0,-9999.0
19871125,0.1,-9999.0
19871126,0.0,-9999.0
19871127,1.4,-9999.0
19871128,5.1,-9999.0
19871129,2.0,-9999.0
19871130,2.8,-9999.0
19871201,5.5,-9999.0
19871202,0.8,-9999.0
19871203,1.0,-9999.0
19871204,0.0,-9999.0
19871205,0.0,-9999.0
19871206,0.0,-9999.0
19871207,0.0,-9999.0
19871208,0.0,-9999.0
19871209,5.8,-9999.0
19871210,0.0,-9999.0
19871211,0.3,-9999.0
19871212,0.0,-9999.0
19871213,0.0,-9999.0
19871214,0.0,-9999.0
19871215,0.0,-9999.0
19871216,0.0,-9999.0
19871217,0.0,-9999.0
19871218,0.3,-9999.0
19871219,0.5,-9999.0
19871220,10.9,-9999.0
19871221,0.0,-9999.0
19871222,1.2,-9999.0
19871223,5.8,-9999.0
19871224,0.0,-9999.0
19871225,0.0,-9999.0
19871226,0.0,-9999.0
19871227,0.0,-9999.0
19871228,0.0,-9999.0
19871229,0.0,-9999.0
19871230,0.0,-9999.0
19871231,0.0,-9999.0
19880101,0.0,-9999.0
19880102,0.0,-9999.0
19880103,0.7,-9999.0
19880104,0.0,-9999.0
19880105,0.3,-9999.0
19880106,0.0,-9999.0
19880107,0.0,-9999.0
19880108,0.0,-9999.0
19880109,0.0,-9999.0
19880110,0.0,-9999.0
19880111,1.1,-9999.0
19880112,0.0,-9999.0
19880113,0.0,-9999.0
19880114,0.0,-9999.0
19880115,0.0,-9999.0
19880116,0.0,-9999.0
19880117,0.0,-9999.0
19880118,0.6,-9999.0
19880119,0.0,-9999.0
19880120,0.0,-9999.0
19880121,0.0,-9999.0
19880122,0.0,-9999.0
19880123,0.0,-9999.0
19880124,0.2,-9999.0
19880125,1.9,-9999.0
19880126,7.3,-9999.0
19880127,5.7,-9999.0
19880128,2.8,-9999.0
19880129,4.6,-9999.0
19880130,6.4,-9999.0
19880131,11.0,-9999.0
19880201,3.7,-9999.0
19880202,0.0,-9999.0
19880203,0.4,-9999.0
19880204,0.0,-9999.0
19880205,0.3,-9999.0
19880206,0.0,-9999.0
19880207,0.4,-9999.0
19880208,0.3,-9999.0
19880209,0.0,-9999.0
19880210,0.3,-9999.0
19880211,1.0,-9999.0
19880212,0.3,-9999.0
19880213,1.1,-9999.0
19880214,0.3,-9999.0
19880215,0.6,-9999.0
19880216,0.0,-9999.0
19880217,0.0,-9999.0
19880218,0.7,-9999.0
19880219,0.0,-9999.0
19880220,0.0,-9999.0
19880221,1.0,-9999.0
19880222,0.0,-9999.0
19880223,0.0,-9999.0
19880224,0.0,-9999.0
19880225,2.6,-9999.0
19880226,14.5,-9999.0
19880227,6.9,-9999.0
19880228,5.5,-9999.0
19880229,0.3,-9999.0
19880301,0.0,-9999.0
19880302,16.4,-9999.0
19880303,1.3,-9999.0
19880304,0.0,-9999.0
19880305,0.0,-9999.0
19880306,0.4,-9999.0
19880307,0.0,-9999.0
19880308,0.3,-9999.0
19880309,0.0,-9999.0
19880310,1.3,-9999.0
19880311,0.0,-9999.0
19880312,1.6,-9999.0
19880313,0.0,-9999.0
19880314,0.0,-9999.0
19880315,0.0,-9999.0
19880316,0.0,-9999.0
19880317,0.0,-9999.0
19880318,9.9,-9999.0
19880319,0.0,-9999.0
19880320,0.0,-9999.0
19880321,0.0,-9999.0
19880322,1.6,-9999.0
19880323,1.3,-9999.0
19880324,4.0,-9999.0
19880325,1.4,-9999.0
19880326,0.1,-9999.0
19880327,0.0,-9999.0
19880328,9.8,-9999.0
19880329,25.7,-9999.0
19880330,0.0,-9999.0
19880331,0.0,-9999.0
19880401,1.3,-9999.0
19880402,4.8,-9999.0
19880403,5.2,-9999.0
19880404,0.0,-9999.0
19880405,0.7,-9999.0
19880406,0.6,-9999.0
19880407,0.0,-9999.0
19880408,0.0,-9999.0
19880409,0.0,-9999.0
19880410,1.3,-9999.0
19880411,2.2,-9999.0
19880412,0.0,-9999.0
19880413,0.0,-9999.0
19880414,1.3,-9999.0
19880415,8.5,-9999.0
19880416,13.5,-9999.0
19880417,1.9,-9999.0
19880418,11.3,-9999.0
19880419,0.4,-9999.0
19880420,0.0,-9999.0
19880421,0.0,-9999.0
19880422,0.0,-9999.0
19880423,0.4,-9999.0
19880424,1.8,-9999.0
19880425,2.1,-9999.0
19880426,0.0,-9999.0
19880427,0.0,-9999.0
19880428,0.0,-9999.0
19880429,0.0,-9999.0
19880430,0.0,-9999.0
19880501,0.0,-9999.0
19880502,0.0,-9999.0
19880503,0.0,-9999.0
19880504,0.0,-9999.0
19880505,0.0,-9999.0
19880506,0.0,-9999.0
19880507,0.0,-9999.0
19880508,0.0,-9999.0
19880509,0.0,-9999.0
19880510,1.0,-9999.0
19880511,1.3,-9999.0
19880512,10.7,-9999.0
19880513,0.0,-9999.0
19880514,0.0,-9999.0
19880515,1.4,-9999.0
19880516,2.6,-9999.0
19880517,0.0,-9999.0
19880518,0.0,-9999.0
19880519,0.0,-9999.0
19880520,8.3,-9999.0
19880521,0.0,-9999.0
19880522,0.3,-9999.0
19880523,10.5,-9999.0
19880524,0.0,-9999.0
19880525,0.4,-9999.0
19880526,15.1,-9999.0
19880527,17.5,-9999.0
19880528,0.6,-9999.0
19880529,5.2,-9999.0
19880530,5.4,-9999.0
19880531,0.3,-9999.0
19880601,0.0,-9999.0
19880602,2.3,-9999.0
19880603,25.7,-9999.0
19880604,6.0,-9999.0
19880605,0.0,-9999.0
19880606,0.0,-9999.0
19880607,0.0,-9999.0
19880608,0.0,-9999.0
19880609,0.0,-9999.0
19880610,0.6,-9999.0
19880611,0.0,-9999.0
19880612,5.8,-9999.0
19880613,0.0,-9999.0
19880614,5.3,-9999.0
19880615,0.0,-9999.0
19880616,2.8,-9999.0
19880617,4.9,-9999.0
19880618,0.0,-9999.0
19880619,0.0,-9999.0
19880620,0.3,-9999.0
19880621,0.0,-9999.0
19880622,0.0,-9999.0
19880623,0.0,-9999.0
19880624,0.0,-9999.0
19880625,0.0,-9999.0
19880626,0.0,-9999.0
19880627,0.0,-9999.0
19880628,0.0,-9999.0
19880629,0.0,-9999.0
19880630,0.0,-9999.0
19880701,0.0,-9999.0
19880702,0.0,-9999.0
19880703,9.3,-9999.0
19880704,0.0,-9999.0
19880705,0.0,-9999.0
19880706,0.0,-9999.0
19880707,0.0,-9999.0
19880708,0.0,-9999.0
19880709,0.5,-9999.0
19880710,2.8,-9999.0
19880711,0.5,-9999.0
19880712,1.6,-9999.0
19880713,3.8,-9999.0
19880714,0.0,-9999.0
19880715,0.0,-9999.0
19880716,0.0,-9999.0
19880717,0.1,-9999.0
19880718,0.1,-9999.0
19880719,0.0,-9999.0
19880720,2.0,-9999.0
19880721,0.3,-9999.0
19880722,0.0,-9999.0
19880723,0.0,-9999.0
19880724,0.0,-9999.0
19880725,0.8,-9999.0
19880726,0.0,-9999.0
19880727,0.0,-9999.0
19880728,0.0,-9999.0
19880729,0.0,-9999.0
19880730,0.0,-9999.0
19880731,0.0,-9999.0
19880801,0.0,-9999.0
19880802,0.0,-9999.0
19880803,0.0,-9999.0
19880804,0.0,-9999.0
19880805,0.0,-9999.0
19880806,1.2,-9999.0
19880807,0.0,-9999.0
19880808,0.0,-9999.0
19880809,0.0,-9999.0
19880810,0.0,-9999.0
19880811,0.0,-9999.0
19880812,0.0,-9999.0
19880813,0.0,-9999.0
19880814,0.0,-9999.0
19880815,0.1,-9999.0
19880816,0.0,-9999.0
19880817,0.0,-9999.0
19880818,7.7,-9999.0
19880819,0.0,-9999.0
19880820,0.0,-9999.0
19880821,0.0,-9999.0
19880822,0.0,-9999.0
19880823,0.0,-9999.0
19880824,0.4,-9999.0
19880825,0.0,-9999.0
19880826,0.0,-9999.0
19880827,3.5,-9999.0
19880828,0.7,-9999.0
19880829,0.0,-9999.0
19880830,0.0,-9999.0
19880831,0.0,-9999.0
19880901,0.0,-9999.0
19880902,0.0,-9999.0
19880903,18.7,-9999.0
19880904,0.0,-9999.0
19880905,0.0,-9999.0
19880906,3.4,-9999.0
19880907,0.0,-9999.0
19880908,46.0,-9999.0
19880909,2.1,-9999.0
19880910,0.0,-9999.0
19880911,0.0,-9999.0
19880912,0.0,-9999.0
19880913,0.0,-9999.0
19880914,0.0,-9999.0
19880915,0.4,-9999.0
19880916,0.0,-9999.0
19880917,6.9,-9999.0
19880918,12.5,-9999.0
19880919,0.0,-9999.0
19880920,0.0,-9999.0
19880921,0.0,-9999.0
19880922,0.0,-9999.0
19880923,0.4,-9999.0
19880924,0.0,-9999.0
19880925,0.0,-9999.0
19880926,0.0,-9999.0
19880927,0.0,-9999.0
19880928,0.0,-9999.0
19880929,0.0,-9999.0
19880930,0.0,-9999.0
19881001,0.0,-9999.0
19881002,0.0,-9999.0
19881003,0.0,-9999.0
19881004,0.0,-9999.0
19881005,0.0,-9999.0
19881006,0.0,-9999.0
19881007,0.0,-9999.0
19881008,0.1,-9999.0
19881009,12.6,-9999.0
19881010,0.0,-9999.0
19881011,0.0,-9999.0
19881012,0.0,-9999.0
19881013,0.0,-9999.0
19881014,0.0,-9999.0
19881015,0.0,-9999.0
19881016,0.0,-9999.0
19881017,0.0,-9999.0
19881018,0.0,-9999.0
19881019,0.0,-9999.0
19881020,3.8,-9999.0
19881021,0.0,-9999.0
19881022,0.0,-9999.0
19881023,0.0,-9999.0
19881024,0.0,-9999.0
19881025,1.7,-9999.0
19881026,0.3,-9999.0
19881027,0.0,-9999.0
19881028,0.0,-9999.0
19881029,0.0,-9999.0
19881030,0.0,-9999.0
19881031,0.0,-9999.0
19881101,0.0,-9999.0
19881102,0.0,-9999.0
19881103,0.3,-9999.0
19881104,1.0,-9999.0
19881105,0.0,-9999.0
19881106,0.0,-9999.0
19881107,0.0,-9999.0
19881108,0.0,-9999.0
19881109,0.0,-9999.0
19881110,0.0,-9999.0
19881111,0.0,-9999.0
19881112,0.0,-9999.0
19881113,0.0,-9999.0
19881114,1.4,-9999.0
19881115,0.0,-9999.0
19881116,0.0,-9999.0
19881117,0.0,-9999.0
19881118,0.0,-9999.0
19881119,0.0,-9999.0
19881120,12.0,-9999.0
19881121,4.3,-9999.0
19881122,6.3,-9999.0
19881123,0.7,-9999.0
19881124,0.0,-9999.0
19881125,0.0,-9999.0
19881126,0.0,-9999.0
19881127,0.0,-9999.0
19881128,0.0,-9999.0
19881129,0.1,-9999.0
19881130,0.0,-9999.0
19881201,2.8,-9999.0
19881202,3.7,-9999.0
19881203,26.1,-9999.0
19881204,5.4,-9999.0
19881205,0.8,-9999.0
19881206,0.7,-9999.0
19881207,0.3,-9999.0
19881208,0.0,-9999.0
19881209,0.0,-9999.0
19881210,0.0,-9999.0
19881211,0.0,-9999.0
19881212,0.0,-9999.0
19881213,0.2,-9999.0
19881214,1.6,-9999.0
19881215,2.2,-9999.0
19881216,0.0,-9999.0
19881217,0.0,-9999.0
19881218,0.0,-9999.0
19881219,0.0,-9999.0
19881220,0.0,-9999.0
19881221,0.0,-9999.0
19881222,0.0,-9999.0
19881223,0.0,-9999.0
19881224,0.0,-9999.0
19881225,2.2,-9999.0
19881226,0.0,-9999.0
19881227,2.3,-9999.0
19881228,0.0,-9999.0
19881229,0.0,-9999.0
19881230,0.0,-9999.0
19881231,0.4,-9999.0
19890101,0.5,-9999.0
19890102,0.6,-9999.0
19890103,0.0,-9999.0
19890104,0.0,-9999.0
19890105,0.0,-9999.0
19890106,0.0,-9999.0
19890107,1.0,-9999.0
19890108,0.2,-9999.0
19890109,0.3,-9999.0
19890110,0.0,-9999.0
19890111,0.0,-9999.0
19890112,0.0,-9999.0
19890113,0.0,-9999.0
19890114,1.1,-9999.0
19890115,0.3,-9999.0
19890116,0.0,-9999.0
19890117,0.0,-9999.0
19890118,0.0,-9999.0
19890119,0.0,-9999.0
19890120,0.0,-9999.0
19890121,0.0,-9999.0
19890122,0.0,-9999.0
19890123,0.0,-9999.0
19890124,0.0,-9999.0
19890125,0.0,-9999.0
19890126,0.0,-9999.0
19890127,0.0,-9999.0
19890128,0.0,-9999.0
19890129,0.0,-9999.0
19890130,0.0,-9999.0
19890131,0.0,-9999.0
19890201,0.0,-9999.0
19890202,0.0,-9999.0
19890203,0.0,-9999.0
19890204,0.0,-9999.0
19890205,0.0,-9999.0
19890206,0.4,-9999.0
19890207,0.0,-9999.0
19890208,0.0,-9999.0
19890209,0.0,-9999.0
19890210,0.0,-9999.0
19890211,0.0,-9999.0
19890212,0.0,-9999.0
19890213,0.0,-9999.0
19890214,0.2,-9999.0
19890215,0.0,-9999.0
19890216,0.0,-9999.0
19890217,0.0,-9999.0
19890218,0.5,-9999.0
19890219,0.0,-9999.0
19890220,0.1,-9999.0
19890221,0.3,-9999.0
19890222,6.2,-9999.0
19890223,0.0,-9999.0
19890224,0.0,-9999.0
19890225,0.0,-9999.0
19890226,0.0,-9999.0
19890227,0.4,-9999.0
19890228,0.0,-9999.0
19890301,0.0,-9999.0
19890302,7.3,-9999.0
19890303,10.3,-9999.0
19890304,0.0,-9999.0
19890305,0.0,-9999.0
19890306,0.0,-9999.0
19890307,0.0,-9999.0
19890308,0.3,-9999.0
19890309,0.0,-9999.0
19890310,0.0,-9999.0
19890311,0.0,-9999.0
19890312,0.0,-9999.0
19890313,0.0,-9999.0
19890314,0.0,-9999.0
19890315,0.0,-9999.0
19890316,0.0,-9999.0
19890317,0.0,-9999.0
19890318,0.0,-9999.0
19890319,0.1,-9999.0
19890320,0.4,-9999.0
19890321,0.0,-9999.0
19890322,0.0,-9999.0
19890323,0.1,-9999.0
19890324,0.0,-9999.0
19890325,0.0,-9999.0
19890326,0.0,-9999.0
19890327,0.0,-9999.0
19890328,0.0,-9999.0
19890329,0.0,-9999.0
19890330,0.3,-9999.0
19890331,0.0,-9999.0
19890401,0.0,-9999.0
19890402,0.1,-9999.0
19890403,0.5,-9999.0
19890404,0.0,-9999.0
19890405,0.0,-9999.0
19890406,0.3,-9999.0
19890407,0.7,-9999.0
19890408,0.0,-9999.0
19890409,0.0,-9999.0
19890410,0.0,-9999.0
19890411,0.0,-9999.0
19890412,0.0,-9999.0
19890413,0.0,-9999.0
19890414,0.0,-9999.0
19890415,10.7,-9999.0
19890416,0.0,-9999.0
19890417,0.0,-9999.0
19890418,2.0,-9999.0
19890419,0.5,-9999.0
19890420,24.8,-9999.0
19890421,0.0,-9999.0
19890422,0.0,-9999.0
19890423,0.0,-9999.0
19890424,0.1,-9999.0
19890425,0.0,-9999.0
19890426,0.0,-9999.0
19890427,0.0,-9999.0
19890428,0.0,-9999.0
19890429,0.6,-9999.0
19890430,0.0,-9999.0
19890501,0.0,-9999.0
19890502,0.0,-9999.0
19890503,0.0,-9999.0
19890504,0.0,-9999.0
19890505,0.0,-9999.0
19890506,0.1,-9999.0
19890507,3.1,-9999.0
19890508,3.3,-9999.0
19890509,1.1,-9999.0
19890510,0.0,-9999.0
19890511,0.0,-9999.0
19890512,0.0,-9999.0
19890513,0.0,-9999.0
19890514,0.0,-9999.0
19890515,0.0,-9999.0
19890516,0.0,-9999.0
19890517,0.0,-9999.0
19890518,0.0,-9999.0
19890519,0.0,-9999.0
19890520,0.0,-9999.0
19890521,0.4,-9999.0
19890522,0.1,-9999.0
19890523,0.0,-9999.0
19890524,0.0,-9999.0
19890525,0.0,-9999.0
19890526,1.7,-9999.0
19890527,0.0,-9999.0
19890528,5.2,-9999.0
19890529,9.6,-9999.0
19890530,0.3,-9999.0
19890531,0.0,-9999.0
19890601,0.0,-9999.0
19890602,0.0,-9999.0
19890603,0.1,-9999.0
19890604,0.0,-9999.0
19890605,0.0,-9999.0
19890606,6.7,-9999.0
19890607,0.1,-9999.0
19890608,0.0,-9999.0
19890609,54.8,-9999.0
19890610,1.0,-9999.0
19890611,11.0,-9999.0
19890612,2.7,-9999.0
19890613,0.0,-9999.0
19890614,0.0,-9999.0
19890615,0.0,-9999.0
19890616,1.7,-9999.0
19890617,0.0,-9999.0
19890618,19.2,-9999.0
19890619,0.3,-9999.0
19890620,0.3,-9999.0
19890621,0.1,-9999.0
19890622,0.1,-9999.0
19890623,0.1,-9999.0
19890624,0.0,-9999.0
19890625,0.0,-9999.0
19890626,14.4,-9999.0
19890627,0.0,-9999.0
19890628,0.4,-9999.0
19890629,0.3,-9999.0
19890630,0.3,-9999.0
19890701,6.9,-9999.0
19890702,16.5,-9999.0
19890703,0.0,-9999.0
19890704,0.0,-9999.0
19890705,0.0,-9999.0
19890706,0.0,-9999.0
19890707,0.0,-9999.0
19890708,0.0,-9999.0
19890709,0.0,-9999.0
19890710,0.0,-9999.0
19890711,0.0,-9999.0
19890712,0.0,-9999.0
19890713,0.0,-9999.0
19890714,0.0,-9999.0
19890715,1.5,-9999.0
19890716,9.5,-9999.0
19890717,0.0,-9999.0
19890718,0.0,-9999.0
19890719,19.2,-9999.0
19890720,0.5,-9999.0
19890721,3.7,-9999.0
19890722,0.0,-9999.0
19890723,0.0,-9999.0
19890724,0.0,-9999.0
19890725,0.4,-9999.0
19890726,7.5,-9999.0
19890727,0.0,-9999.0
19890728,0.0,-9999.0
19890729,0.0,-9999.0
19890730,0.0,-9999.0
19890731,0.0,-9999.0
19890801,0.0,-9999.0
19890802,14.6,-9999.0
19890803,0.0,-9999.0
19890804,16.5,-9999.0
19890805,0.0,-9999.0
19890806,0.0,-9999.0
19890807,0.0,-9999.0
19890808,0.0,-9999.0
19890809,0.0,-9999.0
19890810,0.0,-9999.0
19890811,0.0,-9999.0
19890812,0.0,-9999.0
19890813,0.0,-9999.0
19890814,0.0,-9999.0
19890815,0.0,-9999.0
19890816,0.0,-9999.0
19890817,0.0,-9999.0
19890818,0.0,-9999.0
19890819,0.0,-9999.0
19890820,0.0,-9999.0
19890821,0.0,-9999.0
19890822,0.0,-9999.0
19890823,0.0,-9999.0
19890824,0.0,-9999.0
19890825,0.0,-9999.0
19890826,0.0,-9999.0
19890827,0.7,-9999.0
19890828,0.0,-9999.0
19890829,0.0,-9999.0
19890830,1.8,-9999.0
19890831,0.0,-9999.0
19890901,5.6,-9999.0
19890902,0.0,-9999.0
19890903,0.0,-9999.0
19890904,2.2,-9999.0
19890905,29.9,-9999.0
19890906,4.2,-9999.0
19890907,2.8,-9999.0
19890908,16.1,-9999.0
19890909,14.7,-9999.0
19890910,0.0,-9999.0
19890911,0.0,-9999.0
19890912,0.0,-9999.0
19890913,0.0,-9999.0
19890914,0.0,-9999.0
19890915,0.0,-9999.0
19890916,2.6,-9999.0
19890917,0.1,-9999.0
19890918,0.0,-9999.0
19890919,0.0,-9999.0
19890920,0.0,-9999.0
19890921,0.0,-9999.0
19890922,0.0,-9999.0
19890923,0.0,-9999.0
19890924,0.0,-9999.0
19890925,0.0,-9999.0
19890926,1.2,-9999.0
19890927,1.8,-9999.0
19890928,0.0,-9999.0
19890929,0.0,-9999.0
19890930,1.6,-9999.0
19891001,0.6,-9999.0
19891002,0.0,-9999.0
19891003,1.0,-9999.0
19891004,0.6,-9999.0
19891005,0.0,-9999.0
19891006,0.0,-9999.0
19891007,0.0,-9999.0
19891008,0.0,-9999.0
19891009,2.4,-9999.0
19891010,2.7,-9999.0
19891011,8.8,-9999.0
19891012,0.0,-9999.0
19891013,0.0,-9999.0
19891014,0.0,-9999.0
19891015,0.0,-9999.0
19891016,15.1,-9999.0
19891017,1.8,-9999.0
19891018,0.0,-9999.0
19891019,0.0,-9999.0
19891020,0.0,-9999.0
19891021,0.0,-9999.0
19891022,0.0,-9999.0
19891023,0.0,-9999.0
19891024,0.0,-9999.0
19891025,0.0,-9999.0
19891026,0.0,-9999.0
19891027,0.0,-9999.0
19891028,0.0,-9999.0
19891029,0.0,-9999.0
19891030,0.0,-9999.0
19891031,0.1,-9999.0
19891101,0.0,-9999.0
19891102,0.0,-9999.0
19891103,0.0,-9999.0
19891104,0.0,-9999.0
19891105,0.0,-9999.0
19891106,0.0,-9999.0
19891107,0.0,-9999.0
19891108,2.9,-9999.0
19891109,2.2,-9999.0
19891110,0.0,-9999.0
19891111,0.7,-9999.0
19891112,0.0,-9999.0
19891113,2.1,-9999.0
19891114,0.1,-9999.0
19891115,0.0,-9999.0
19891116,0.6,-9999.0
19891117,0.3,-9999.0
19891118,0.3,-9999.0
19891119,0.0,-9999.0
19891120,0.0,-9999.0
19891121,0.0,-9999.0
19891122,0.0,-9999.0
19891123,1.4,-9999.0
19891124,0.0,-9999.0
19891125,1.4,-9999.0
19891126,0.0,-9999.0
19891127,0.0,-9999.0
19891128,0.0,-9999.0
19891129,0.2,-9999.0
19891130,0.0,-9999.0
19891201,0.0,-9999.0
19891202,0.0,-9999.0
19891203,0.0,-9999.0
19891204,0.0,-9999.0
19891205,0.0,-9999.0
19891206,0.0,-9999.0
19891207,0.0,-9999.0
19891208,0.0,-9999.0
19891209,0.0,-9999.0
19891210,0.0,-9999.0
19891211,0.0,-9999.0
19891212,0.0,-9999.0
19891213,0.0,-9999.0
19891214,0.5,-9999.0
19891215,0.0,-9999.0
19891216,0.0,-9999.0
19891217,0.0,-9999.0
19891218,0.0,-9999.0
19891219,0.0,-9999.0
19891220,0.0,-9999.0
19891221,0.0,-9999.0
19891222,0.0,-9999.0
19891223,0.0,-9999.0
19891224,1.3,-9999.0
19891225,0.0,-9999.0
19891226,0.0,-9999.0
19891227,0.9,-9999.0
19891228,1.2,-9999.0
19891229,0.0,-9999.0
19891230,0.4,-9999.0
19891231,0.0,-9999.0
19900101,0.0,-9999.0
19900102,0.0,-9999.0
19900103,0.7,-9999.0
19900104,0.0,-9999.0
19900105,0.0,-9999.0
19900106,0.0,-9999.0
19900107,0.0,-9999.0
19900108,0.0,-9999.0
19900109,0.0,-9999.0
19900110,0.0,-9999.0
19900111,0.0,-9999.0
19900112,0.0,-9999.0
19900113,0.0,-9999.0
19900114,0.0,-9999.0
19900115,0.0,-9999.0
19900116,0.4,-9999.0
19900117,0.0,-9999.0
19900118,0.0,-9999.0
19900119,3.3,-9999.0
19900120,0.0,-9999.0
19900121,0.8,-9999.0
19900122,0.0,-9999.0
19900123,0.0,-9999.0
19900124,0.0,-9999.0
19900125,0.1,-9999.0
19900126,0.3,-9999.0
19900127,0.0,-9999.0
19900128,0.0,-9999.0
19900129,0.0,-9999.0
19900130,0.0,-9999.0
19900131,0.0,-9999.0
19900201,0.5,-9999.0
19900202,0.0,-9999.0
19900203,0.0,-9999.0
19900204,1.1,-9999.0
19900205,0.7,-9999.0
19900206,0.0,-9999.0
19900207,0.0,-9999.0
19900208,0.0,-9999.0
19900209,0.0,-9999.0
19900210,0.0,-9999.0
19900211,0.0,-9999.0
19900212,0.0,-9999.0
19900213,5.4,-9999.0
19900214,8.0,-9999.0
19900215,0.3,-9999.0
19900216,6.2,-9999.0
19900217,0.0,-9999.0
19900218,0.0,-9999.0
19900219,0.1,-9999.0
19900220,0.0,-9999.0
19900221,0.0,-9999.0
19900222,0.0,-9999.0
19900223,0.0,-9999.0
19900224,0.0,-9999.0
19900225,0.0,-9999.0
19900226,0.0,-9999.0
19900227,0.0,-9999.0
19900228,3.4,-9999.0
19900301,0.0,-9999.0
19900302,0.0,-9999.0
19900303,0.0,-9999.0
19900304,0.0,-9999.0
19900305,0.0,-9999.0
19900306,0.0,-9999.0
19900307,0.0,-9999.0
19900308,0.0,-9999.0
19900309,0.0,-9999.0
19900310,1.9,-9999.0
19900311,0.0,-9999.0
19900312,0.0,-9999.0
19900313,0.0,-9999.0
19900314,0.0,-9999.0
19900315,0.0,-9999.0
19900316,0.0,-9999.0
19900317,0.0,-9999.0
19900318,0.0,-9999.0
19900319,0.0,-9999.0
19900320,0.0,-9999.0
19900321,0.0,-9999.0
19900322,0.0,-9999.0
19900323,0.0,-9999.0
19900324,0.4,-9999.0
19900325,0.0,-9999.0
19900326,14.8,-9999.0
19900327,2.3,-9999.0
19900328,0.0,-9999.0
19900329,0.0,-9999.0
19900330,0.0,-9999.0
19900331,0.0,-9999.0
19900401,0.0,-9999.0
19900402,0.0,-9999.0
19900403,0.0,-9999.0
19900404,0.0,-9999.0
19900405,0.0,-9999.0
19900406,0.0,-9999.0
19900407,0.0,-9999.0
19900408,6.2,-9999.0
19900409,0.5,-9999.0
19900410,3.0,-9999.0
19900411,12.2,-9999.0
19900412,0.6,-9999.0
19900413,0.0,-9999.0
19900414,0.0,-9999.0
19900415,0.0,-9999.0
19900416,0.0,-9999.0
19900417,0.0,-9999.0
19900418,0.0,-9999.0
19900419,0.0,-9999.0
19900420,0.0,-9999.0
19900421,0.0,-9999.0
19900422,3.2,-9999.0
19900423,3.0,-9999.0
19900424,0.0,-9999.0
19900425,0.6,-9999.0
19900426,0.0,-9999.0
19900427,0.0,-9999.0
19900428,0.8,-9999.0
19900429,0.0,-9999.0
19900430,0.0,-9999.0
19900501,0.9,-9999.0
19900502,0.4,-9999.0
19900503,0.0,-9999.0
19900504,0.0,-9999.0
19900505,1.2,-9999.0
19900506,0.0,-9999.0
19900507,0.0,-9999.0
19900508,0.0,-9999.0
19900509,0.3,-9999.0
19900510,0.1,-9999.0
19900511,0.0,-9999.0
19900512,0.0,-9999.0
19900513,0.0,-9999.0
19900514,0.0,-9999.0
19900515,0.0,-9999.0
19900516,0.1,-9999.0
19900517,0.0,-9999.0
19900518,3.6,-9999.0
19900519,0.0,-9999.0
19900520,0.0,-9999.0
19900521,0.0,-9999.0
19900522,0.0,-9999.0
19900523,0.0,-9999.0
19900524,0.0,-9999.0
19900525,0.0,-9999.0
19900526,0.8,-9999.0
19900527,9.8,-9999.0
19900528,14.6,-9999.0
19900529,0.9,-9999.0
19900530,4.3,-9999.0
19900531,0.0,-9999.0
19900601,0.0,-9999.0
19900602,0.0,-9999.0
19900603,0.1,-9999.0
19900604,0.0,-9999.0
19900605,0.0,-9999.0
19900606,0.0,-9999.0
19900607,0.0,-9999.0
19900608,3.2,-9999.0
19900609,0.0,-9999.0
19900610,0.0,-9999.0
19900611,5.3,-9999.0
19900612,0.0,-9999.0
19900613,0.0,-9999.0
19900614,0.0,-9999.0
19900615,0.0,-9999.0
19900616,8.8,-9999.0
19900617,3.6,-9999.0
19900618,0.0,-9999.0
19900619,0.0,-9999.0
19900620,0.0,-9999.0
19900621,0.0,-9999.0
19900622,0.0,-9999.0
19900623,16.5,-9999.0
19900624,0.0,-9999.0
19900625,0.1,-9999.0
19900626,0.0,-9999.0
19900627,1.1,-9999.0
19900628,0.0,-9999.0
19900629,0.0,-9999.0
19900630,0.0,-9999.0
19900701,0.0,-9999.0
19900702,0.0,-9999.0
19900703,0.0,-9999.0
19900704,0.0,-9999.0
19900705,13.5,-9999.0
19900706,0.0,-9999.0
19900707,0.0,-9999.0
19900708,0.0,-9999.0
19900709,0.0,-9999.0
19900710,0.0,-9999.0
19900711,0.0,-9999.0
19900712,0.0,-9999.0
19900713,0.0,-9999.0
19900714,0.1,-9999.0
19900715,3.9,-9999.0
19900716,0.0,-9999.0
19900717,0.0,-9999.0
19900718,0.0,-9999.0
19900719,2.1,-9999.0
19900720,0.9,-9999.0
19900721,0.0,-9999.0
19900722,0.0,-9999.0
19900723,0.0,-9999.0
19900724,0.0,-9999.0
19900725,0.0,-9999.0
19900726,0.5,-9999.0
19900727,0.0,-9999.0
19900728,3.3,-9999.0
19900729,0.0,-9999.0
19900730,0.0,-9999.0
19900731,0.0,-9999.0
19900801,0.0,-9999.0
19900802,4.8,-9999.0
19900803,0.0,-9999.0
19900804,0.0,-9999.0
19900805,0.0,-9999.0
19900806,0.0,-9999.0
19900807,0.0,-9999.0
19900808,0.0,-9999.0
19900809,0.0,-9999.0
19900810,7.5,-9999.0
19900811,2.4,-9999.0
19900812,0.0,-9999.0
19900813,0.0,-9999.0
19900814,0.0,-9999.0
19900815,0.0,-9999.0
19900816,0.0,-9999.0
19900817,0.0,-9999.0
19900818,0.0,-9999.0
19900819,6.2,-9999.0
19900820,0.1,-9999.0
19900821,0.0,-9999.0
19900822,2.1,-9999.0
19900823,0.0,-9999.0
19900824,0.0,-9999.0
19900825,0.0,-9999.0
19900826,0.0,-9999.0
19900827,0.0,-9999.0
19900828,0.0,-9999.0
19900829,0.0,-9999.0
19900830,0.0,-9999.0
19900831,0.0,-9999.0
19900901,0.0,-9999.0
19900902,0.0,-9999.0
19900903,0.1,-9999.0
19900904,0.0,-9999.0
19900905,0.0,-9999.0
19900906,1.1,-9999.0
19900907,0.3,-9999.0
19900908,0.0,-9999.0
19900909,0.0,-9999.0
19900910,0.0,-9999.0
19900911,0.0,-9999.0
19900912,0.0,-9999.0
19900913,0.0,-9999.0
19900914,0.0,-9999.0
19900915,0.0,-9999.0
19900916,0.0,-9999.0
19900917,3.5,-9999.0
19900918,0.0,-9999.0
19900919,12.3,-9999.0
19900920,1.6,-9999.0
19900921,0.0,-9999.0
19900922,0.0,-9999.0
19900923,0.0,-9999.0
19900924,0.0,-9999.0
19900925,2.7,-9999.0
19900926,0.0,-9999.0
19900927,1.1,-9999.0
19900928,0.0,-9999.0
19900929,0.0,-9999.0
19900930,0.0,-9999.0
19901001,0.0,-9999.0
19901002,8.1,-9999.0
19901003,0.0,-9999.0
19901004,0.0,-9999.0
19901005,0.0,-9999.0
19901006,0.0,-9999.0
19901007,0.0,-9999.0
19901008,0.0,-9999.0
19901009,4.5,-9999.0
19901010,0.0,-9999.0
19901011,0.0,-9999.0
19901012,0.0,-9999.0
19901013,0.0,-9999.0
19901014,0.0,-9999.0
19901015,0.0,-9999.0
19901016,0.0,-9999.0
19901017,0.0,-9999.0
19901018,0.0,-9999.0
19901019,0.5,-9999.0
19901020,0.0,-9999.0
19901021,5.2,-9999.0
19901022,1.2,-9999.0
19901023,0.0,-9999.0
19901024,0.0,-9999.0
19901025,0.0,-9999.0
19901026,0.0,-9999.0
19901027,0.0,-9999.0
19901028,3.1,-9999.0
19901029,11.4,-9999.0
19901030,1.6,-9999.0
19901031,1.2,-9999.0
19901101,0.0,-9999.0
19901102,0.0,-9999.0
19901103,0.0,-9999.0
19901104,0.0,-9999.0
19901105,0.9,-9999.0
19901106,0.0,-9999.0
19901107,0.0,-9999.0
19901108,0.0,-9999.0
19901109,0.0,-9999.0
19901110,0.0,-9999.0
19901111,0.0,-9999.0
19901112,0.0,-9999.0
19901113,0.0,-9999.0
19901114,0.0,-9999.0
19901115,0.0,-9999.0
19901116,0.0,-9999.0
19901117,0.4,-9999.0
19901118,0.3,-9999.0
19901119,0.0,-9999.0
19901120,0.0,-9999.0
19901121,0.0,-9999.0
19901122,0.0,-9999.0
19901123,0.7,-9999.0
19901124,1.1,-9999.0
19901125,1.0,-9999.0
19901126,1.4,-9999.0
19901127,1.3,-9999.0
19901128,0.3,-9999.0
19901129,0.0,-9999.0
19901130,1.5,-9999.0
19901201,19.5,-9999.0
19901202,0.0,-9999.0
19901203,0.0,-9999.0
19901204,0.0,-9999.0
19901205,0.3,-9999.0
19901206,0.0,-9999.0
19901207,8.2,-9999.0
19901208,21.3,-9999.0
19901209,0.3,-9999.0
19901210,0.0,-9999.0
19901211,0.0,-9999.0
19901212,5.9,-9999.0
19901213,0.4,-9999.0
19901214,4.3,-9999.0
19901215,13.8,-9999.0
19901216,0.0,-9999.0
19901217,0.2,-9999.0
19901218,0.6,-9999.0
19901219,0.0,-9999.0
19901220,0.2,-9999.0
19901221,3.1,-9999.0
19901222,5.2,-9999.0
19901223,0.1,-9999.0
19901224,0.0,-9999.0
19901225,0.0,-9999.0
19901226,1.2,-9999.0
19901227,0.5,-9999.0
19901228,0.5,-9999.0
19901229,0.7,-9999.0
19901230,0.8,-9999.0
19901231,0.0,-9999.0
19910101,0.3,-9999.0
19910102,1.6,-9999.0
19910103,0.3,-9999.0
19910104,0.0,-9999.0
19910105,0.0,-9999.0
19910106,0.0,-9999.0
19910107,0.3,-9999.0
19910108,0.4,-9999.0
19910109,0.4,-9999.0
19910110,0.7,-9999.0
19910111,0.7,-9999.0
19910112,0.1,-9999.0
19910113,0.0,-9999.0
19910114,0.0,-9999.0
19910115,0.0,-9999.0
19910116,0.0,-9999.0
19910117,0.0,-9999.0
19910118,0.8,-9999.0
19910119,0.0,-9999.0
19910120,0.0,-9999.0
19910121,0.0,-9999.0
19910122,0.0,-9999.0
19910123,0.2,-9999.0
19910124,0.4,-9999.0
19910125,0.0,-9999.0
19910126,0.0,-9999.0
19910127,0.0,-9999.0
19910128,1.2,-9999.0
19910129,0.0,-9999.0
19910130,1.0,-9999.0
19910131,1.8,-9999.0
19910201,0.2,-9999.0
19910202,0.0,-9999.0
19910203,0.0,-9999.0
19910204,0.4,-9999.0
19910205,2.7,-9999.0
19910206,0.2,-9999.0
19910207,0.6,-9999.0
19910208,0.2,-9999.0
19910209,1.1,-9999.0
19910210,2.0,-9999.0
19910211,0.4,-9999.0
19910212,0.0,-9999.0
19910213,2.2,-9999.0
19910214,1.7,-9999.0
19910215,7.0,-9999.0
19910216,18.8,-9999.0
19910217,0.0,-9999.0
19910218,0.0,-9999.0
19910219,0.0,-9999.0
19910220,0.0,-9999.0
19910221,0.1,-9999.0
19910222,0.0,-9999.0
19910223,0.0,-9999.0
19910224,0.0,-9999.0
19910225,0.0,-9999.0
19910226,0.3,-9999.0
19910227,3.9,-9999.0
19910228,0.2,-9999.0
19910301,0.3,-9999.0
19910302,0.0,-9999.0
19910303,0.0,-9999.0
19910304,0.0,-9999.0
19910305,0.0,-9999.0
19910306,0.0,-9999.0
19910307,0.0,-9999.0
19910308,0.0,-9999.0
19910309,0.0,-9999.0
19910310,0.3,-9999.0
19910311,0.0,-9999.0
19910312,0.0,-9999.0
19910313,0.0,-9999.0
19910314,0.0,-9999.0
19910315,0.0,-9999.0
19910316,0.0,-9999.0
19910317,1.6,-9999.0
19910318,0.0,-9999.0
19910319,0.0,-9999.0
19910320,0.6,-9999.0
19910321,0.0,-9999.0
19910322,0.4,-9999.0
19910323,0.3,-9999.0
19910324,0.4,-9999.0
19910325,0.3,-9999.0
19910326,0.0,-9999.0
19910327,4.5,-9999.0
19910328,0.3,-9999.0
19910329,0.3,-9999.0
19910330,0.0,-9999.0
19910331,0.0,-9999.0
19910401,0.0,-9999.0
19910402,0.0,-9999.0
19910403,0.0,-9999.0
19910404,0.0,-9999.0
19910405,0.0,-9999.0
19910406,3.1,-9999.0
19910407,0.0,-9999.0
19910408,0.0,-9999.0
19910409,2.5,-9999.0
19910410,2.7,-9999.0
19910411,4.7,-9999.0
19910412,0.0,-9999.0
19910413,0.0,-9999.0
19910414,0.2,-9999.0
19910415,16.3,-9999.0
19910416,0.0,-9999.0
19910417,0.0,-9999.0
19910418,0.0,-9999.0
19910419,4.4,-9999.0
19910420,0.3,-9999.0
19910421,3.5,-9999.0
19910422,8.6,-9999.0
19910423,0.9,-9999.0
19910424,0.0,-9999.0
19910425,2.3,-9999.0
19910426,0.0,-9999.0
19910427,0.1,-9999.0
19910428,2.2,-9999.0
19910429,13.2,-9999.0
19910430,2.0,-9999.0
19910501,0.0,-9999.0
19910502,0.0,-9999.0
19910503,0.0,-9999.0
19910504,0.5,-9999.0
19910505,1.4,-9999.0
19910506,4.5,-9999.0
19910507,5.2,-9999.0
19910508,26.2,-9999.0
19910509,10.2,-9999.0
19910510,0.0,-9999.0
19910511,0.0,-9999.0
19910512,3.6,-9999.0
19910513,15.4,-9999.0
19910514,0.8,-9999.0
19910515,0.0,-9999.0
19910516,0.0,-9999.0
19910517,0.0,-9999.0
19910518,6.8,-9999.0
19910519,0.0,-9999.0
19910520,0.0,-9999.0
19910521,0.0,-9999.0
19910522,0.0,-9999.0
19910523,1.9,-9999.0
19910524,14.6,-9999.0
19910525,8.2,-9999.0
19910526,24.5,-9999.0
19910527,36.0,-9999.0
19910528,14.5,-9999.0
19910529,0.0,-9999.0
19910530,27.7,-9999.0
19910531,4.5,-9999.0
19910601,5.6,-9999.0
19910602,6.1,-9999.0
19910603,1.0,-9999.0
19910604,3.8,-9999.0
19910605,0.0,-9999.0
19910606,0.0,-9999.0
19910607,0.8,-9999.0
19910608,0.1,-9999.0
19910609,16.3,-9999.0
19910610,0.0,-9999.0
19910611,0.0,-9999.0
19910612,4.0,-9999.0
19910613,0.0,-9999.0
19910614,0.0,-9999.0
19910615,0.0,-9999.0
19910616,0.0,-9999.0
19910617,0.0,-9999.0
19910618,0.0,-9999.0
19910619,0.0,-9999.0
19910620,2.7,-9999.0
19910621,15.6,-9999.0
19910622,19.4,-9999.0
19910623,44.6,-9999.0
19910624,4.7,-9999.0
19910625,1.4,-9999.0
19910626,0.3,-9999.0
19910627,0.0,-9999.0
19910628,0.0,-9999.0
19910629,0.0,-9999.0
19910630,0.0,-9999.0
19910701,0.0,-9999.0
19910702,0.0,-9999.0
19910703,14.9,-9999.0
19910704,0.0,-9999.0
19910705,33.6,-9999.0
19910706,11.3,-9999.0
19910707,0.0,-9999.0
19910708,0.0,-9999.0
19910709,0.0,-9999.0
19910710,0.0,-9999.0
19910711,0.0,-9999.0
19910712,0.0,-9999.0
19910713,0.0,-9999.0
19910714,0.0,-9999.0
19910715,0.0,-9999.0
19910716,0.0,-9999.0
19910717,0.0,-9999.0
19910718,21.0,-9999.0
19910719,2.5,-9999.0
19910720,0.0,-9999.0
19910721,0.0,-9999.0
19910722,0.7,-9999.0
19910723,5.8,-9999.0
19910724,0.0,-9999.0
19910725,0.0,-9999.0
19910726,0.0,-9999.0
19910727,1.9,-9999.0
19910728,0.0,-9999.0
19910729,0.4,-9999.0
19910730,0.0,-9999.0
19910731,0.0,-9999.0
19910801,0.0,-9999.0
19910802,0.5,-9999.0
19910803,10.0,-9999.0
19910804,1.2,-9999.0
19910805,0.3,-9999.0
19910806,0.0,-9999.0
19910807,0.0,-9999.0
19910808,0.0,-9999.0
19910809,0.0,-9999.0
19910810,0.0,-9999.0
19910811,0.0,-9999.0
19910812,0.0,-9999.0
19910813,0.0,-9999.0
19910814,0.0,-9999.0
19910815,0.4,-9999.0
19910816,6.0,-9999.0
19910817,0.0,-9999.0
19910818,0.0,-9999.0
19910819,0.0,-9999.0
19910820,0.3,-9999.0
19910821,0.0,-9999.0
19910822,3.1,-9999.0
19910823,0.0,-9999.0
19910824,0.0,-9999.0
19910825,0.0,-9999.0
19910826,0.0,-9999.0
19910827,4.6,-9999.0
19910828,2.3,-9999.0
19910829,0.4,-9999.0
19910830,0.0,-9999.0
19910831,0.0,-9999.0
19910901,2.9,-9999.0
19910902,0.0,-9999.0
19910903,0.0,-9999.0
19910904,0.0,-9999.0
19910905,0.0,-9999.0
19910906,0.1,-9999.0
19910907,0.3,-9999.0
19910908,0.0,-9999.0
19910909,0.0,-9999.0
19910910,0.0,-9999.0
19910911,0.0,-9999.0
19910912,0.0,-9999.0
19910913,0.0,-9999.0
19910914,0.0,-9999.0
19910915,0.0,-9999.0
19910916,0.0,-9999.0
19910917,0.0,-9999.0
19910918,5.4,-9999.0
19910919,1.7,-9999.0
19910920,0.0,-9999.0
19910921,0.7,-9999.0
19910922,0.0,-9999.0
19910923,0.0,-9999.0
19910924,0.0,-9999.0
19910925,0.0,-9999.0
19910926,0.0,-9999.0
19910927,0.2,-9999.0
19910928,0.0,-9999.0
19910929,0.0,-9999.0
19910930,0.0,-9999.0
19911001,0.0,-9999.0
19911002,0.4,-9999.0
19911003,0.0,-9999.0
19911004,10.6,-9999.0
19911005,0.0,-9999.0
19911006,0.0,-9999.0
19911007,0.0,-9999.0
19911008,0.6,-9999.0
19911009,0.0,-9999.0
19911010,0.0,-9999.0
19911011,0.0,-9999.0
19911012,0.0,-9999.0
19911013,0.0,-9999.0
19911014,0.0,-9999.0
19911015,0.0,-9999.0
19911016,0.5,-9999.0
19911017,2.8,-9999.0
19911018,0.0,-9999.0
19911019,0.0,-9999.0
19911020,0.0,-9999.0
19911021,6.6,-9999.0
19911022,7.7,-9999.0
19911023,0.3,-9999.0
19911024,2.5,-9999.0
19911025,0.0,-9999.0
19911026,0.0,-9999.0
19911027,0.0,-9999.0
19911028,0.0,-9999.0
19911029,0.0,-9999.0
19911030,0.0,-9999.0
19911031,0.0,-9999.0
19911101,0.0,-9999.0
19911102,0.0,-9999.0
19911103,0.0,-9999.0
19911104,0.0,-9999.0
19911105,0.0,-9999.0
19911106,1.3,-9999.0
19911107,0.0,-9999.0
19911108,0.0,-9999.0
19911109,0.0,-9999.0
19911110,0.0,-9999.0
19911111,0.0,-9999.0
19911112,0.0,-9999.0
19911113,0.0,-9999.0
19911114,0.0,-9999.0
19911115,0.0,-9999.0
19911116,0.0,-9999.0
19911117,0.5,-9999.0
19911118,0.5,-9999.0
19911119,0.0,-9999.0
19911120,0.0,-9999.0
19911121,0.4,-9999.0
19911122,0.6,-9999.0
19911123,1.9,-9999.0
19911124,0.7,-9999.0
19911125,2.5,-9999.0
19911126,1.6,-9999.0
19911127,0.3,-9999.0
19911128,0.0,-9999.0
19911129,0.0,-9999.0
19911130,0.3,-9999.0
19911201,0.1,-9999.0
19911202,0.0,-9999.0
19911203,0.0,-9999.0
19911204,0.0,-9999.0
19911205,0.0,-9999.0
19911206,0.0,-9999.0
19911207,0.0,-9999.0
19911208,0.0,-9999.0
19911209,3.2,-9999.0
19911210,1.0,-9999.0
19911211,0.0,-9999.0
19911212,0.0,-9999.0
19911213,0.0,-9999.0
19911214,0.0,-9999.0
19911215,0.0,-9999.0
19911216,0.0,-9999.0
19911217,0.0,-9999.0
19911218,0.4,-9999.0
19911219,0.4,-9999.0
19911220,0.3,-9999.0
19911221,1.3,-9999.0
19911222,9.1,-9999.0
19911223,4.3,-9999.0
19911224,0.3,-9999.0
19911225,2.7,-9999.0
19911226,0.0,-9999.0
19911227,0.0,-9999.0
19911228,0.0,-9999.0
19911229,0.0,-9999.0
19911230,1.5,-9999.0
19911231,0.4,-9999.0
19920101,0.6,-9999.0
19920102,0.0,-9999.0
19920103,0.0,-9999.0
19920104,0.0,-9999.0
19920105,0.1,-9999.0
19920106,0.0,-9999.0
19920107,0.0,-9999.0
19920108,0.1,-9999.0
19920109,0.1,-9999.0
19920110,0.3,-9999.0
19920111,0.0,-9999.0
19920112,0.4,-9999.0
19920113,0.3,-9999.0
19920114,0.0,-9999.0
19920115,0.0,-9999.0
19920116,1.1,-9999.0
19920117,0.2,-9999.0
19920118,0.0,-9999.0
19920119,0.2,-9999.0
19920120,0.0,-9999.0
19920121,0.2,-9999.0
19920122,0.0,-9999.0
19920123,0.0,-9999.0
19920124,0.5,-9999.0
19920125,0.4,-9999.0
19920126,0.0,-9999.0
19920127,0.0,-9999.0
19920128,0.0,-9999.0
19920129,0.4,-9999.0
19920130,0.4,-9999.0
19920131,0.6,-9999.0
19920201,1.4,-9999.0
19920202,0.0,-9999.0
19920203,0.0,-9999.0
19920204,0.2,-9999.0
19920205,0.0,-9999.0
19920206,0.0,-9999.0
19920207,0.0,-9999.0
19920208,0.0,-9999.0
19920209,0.0,-9999.0
19920210,0.0,-9999.0
19920211,0.0,-9999.0
19920212,0.0,-9999.0
19920213,0.0,-9999.0
19920214,0.0,-9999.0
19920215,0.0,-9999.0
19920216,1.6,-9999.0
19920217,2.0,-9999.0
19920218,5.3,-9999.0
19920219,0.0,-9999.0
19920220,0.4,-9999.0
19920221,0.0,-9999.0
19920222,0.5,-9999.0
19920223,0.0,-9999.0
19920224,2.5,-9999.0
19920225,0.5,-9999.0
19920226,0.0,-9999.0
19920227,0.0,-9999.0
19920228,0.0,-9999.0
19920229,0.0,-9999.0
19920301,0.4,-9999.0
19920302,0.0,-9999.0
19920303,0.0,-9999.0
19920304,0.6,-9999.0
19920305,0.0,-9999.0
19920306,0.0,-9999.0
19920307,0.0,-9999.0
19920308,0.0,-9999.0
19920309,0.0,-9999.0
19920310,0.0,-9999.0
19920311,0.0,-9999.0
19920312,0.7,-9999.0
19920313,0.0,-9999.0
19920314,0.0,-9999.0
19920315,0.0,-9999.0
19920316,3.9,-9999.0
19920317,0.0,-9999.0
19920318,3.8,-9999.0
19920319,20.1,-9999.0
19920320,0.0,-9999.0
19920321,0.0,-9999.0
19920322,0.8,-9999.0
19920323,0.0,-9999.0
19920324,0.7,-9999.0
19920325,0.0,-9999.0
19920326,0.0,-9999.0
19920327,0.0,-9999.0
19920328,14.0,-9999.0
19920329,10.2,-9999.0
19920330,6.4,-9999.0
19920331,0.0,-9999.0
19920401,0.0,-9999.0
19920402,0.3,-9999.0
19920403,6.2,-9999.0
19920404,0.0,-9999.0
19920405,0.0,-9999.0
19920406,0.0,-9999.0
19920407,0.4,-9999.0
19920408,2.9,-9999.0
19920409,0.0,-9999.0
19920410,0.0,-9999.0
19920411,0.0,-9999.0
19920412,0.0,-9999.0
19920413,0.0,-9999.0
19920414,0.0,-9999.0
19920415,0.0,-9999.0
19920416,0.0,-9999.0
19920417,0.0,-9999.0
19920418,0.0,-9999.0
19920419,0.0,-9999.0
19920420,0.4,-9999.0
19920421,0.0,-9999.0
19920422,0.0,-9999.0
19920423,0.3,-9999.0
19920424,13.9,-9999.0
19920425,0.1,-9999.0
19920426,0.0,-9999.0
19920427,0.1,-9999.0
19920428,0.3,-9999.0
19920429,0.0,-9999.0
19920430,0.0,-9999.0
19920501,0.0,-9999.0
19920502,0.0,-9999.0
19920503,0.0,-9999.0
19920504,0.0,-9999.0
19920505,0.0,-9999.0
19920506,0.0,-9999.0
19920507,0.0,-9999.0
19920508,0.0,-9999.0
19920509,0.0,-9999.0
19920510,0.0,-9999.0
19920511,0.0,-9999.0
19920512,2.5,-9999.0
19920513,1.3,-9999.0
19920514,0.0,-9999.0
19920515,0.0,-9999.0
19920516,0.0,-9999.0
19920517,0.0,-9999.0
19920518,11.3,-9999.0
19920519,0.0,-9999.0
19920520,0.0,-9999.0
19920521,0.0,-9999.0
19920522,3.5,-9999.0
19920523,3.1,-9999.0
19920524,0.0,-9999.0
19920525,3.5,-9999.0
19920526,0.4,-9999.0
19920527,7.9,-9999.0
19920528,0.0,-9999.0
19920529,1.3,-9999.0
19920530,0.5,-9999.0
19920531,1.5,-9999.0
19920601,0.4,-9999.0
19920602,0.0,-9999.0
19920603,0.1,-9999.0
19920604,0.5,-9999.0
19920605,0.0,-9999.0
19920606,0.0,-9999.0
19920607,12.8,-9999.0
19920608,0.0,-9999.0
19920609,1.3,-9999.0
19920610,1.4,-9999.0
19920611,0.0,-9999.0
19920612,0.0,-9999.0
19920613,0.0,-9999.0
19920614,0.0,-9999.0
19920615,0.0,-9999.0
19920616,0.4,-9999.0
19920617,0.0,-9999.0
19920618,0.4,-9999.0
19920619,3.7,-9999.0
19920620,5.1,-9999.0
19920621,0.4,-9999.0
19920622,0.0,-9999.0
19920623,0.0,-9999.0
19920624,0.0,-9999.0
19920625,0.0,-9999.0
19920626,0.0,-9999.0
19920627,0.0,-9999.0
19920628,2.9,-9999.0
19920629,0.7,-9999.0
19920630,3.1,-9999.0
19920701,4.3,-9999.0
19920702,0.0,-9999.0
19920703,0.0,-9999.0
19920704,2.7,-9999.0
19920705,0.0,-9999.0
19920706,0.0,-9999.0
19920707,0.0,-9999.0
19920708,7.8,-9999.0
19920709,0.0,-9999.0
19920710,0.0,-9999.0
19920711,0.0,-9999.0
19920712,0.0,-9999.0
19920713,0.0,-9999.0
19920714,0.0,-9999.0
19920715,0.0,-9999.0
19920716,1.3,-9999.0
19920717,0.0,-9999.0
19920718,0.0,-9999.0
19920719,2.3,-9999.0
19920720,0.0,-9999.0
19920721,0.0,-9999.0
19920722,0.0,-9999.0
19920723,9.6,-9999.0
19920724,1.3,-9999.0
19920725,0.0,-9999.0
19920726,6.4,-9999.0
19920727,0.0,-9999.0
19920728,0.0,-9999.0
19920729,0.0,-9999.0
19920730,0.0,-9999.0
19920731,0.0,-9999.0
19920801,0.0,-9999.0
19920802,0.0,-9999.0
19920803,0.0,-9999.0
19920804,0.0,-9999.0
19920805,6.0,-9999.0
19920806,0.0,-9999.0
19920807,0.0,-9999.0
19920808,0.0,-9999.0
19920809,0.0,-9999.0
19920810,0.0,-9999.0
19920811,0.0,-9999.0
19920812,0.0,-9999.0
19920813,0.0,-9999.0
19920814,0.0,-9999.0
19920815,0.0,-9999.0
19920816,0.0,-9999.0
19920817,2.7,-9999.0
19920818,0.0,-9999.0
19920819,0.0,-9999.0
19920820,0.0,-9999.0
19920821,0.0,-9999.0
19920822,0.0,-9999.0
19920823,15.5,-9999.0
19920824,0.0,-9999.0
19920825,0.0,-9999.0
19920826,0.0,-9999.0
19920827,0.0,-9999.0
19920828,0.0,-9999.0
19920829,0.0,-9999.0
19920830,0.3,-9999.0
19920831,0.0,-9999.0
19920901,0.0,-9999.0
19920902,0.0,-9999.0
19920903,0.0,-9999.0
19920904,0.0,-9999.0
19920905,14.0,-9999.0
19920906,0.1,-9999.0
19920907,0.0,-9999.0
19920908,0.0,-9999.0
19920909,0.0,-9999.0
19920910,0.0,-9999.0
19920911,0.0,-9999.0
19920912,0.0,-9999.0
19920913,0.0,-9999.0
19920914,0.0,-9999.0
19920915,7.4,-9999.0
19920916,0.5,-9999.0
19920917,0.0,-9999.0
19920918,0.0,-9999.0
19920919,0.0,-9999.0
19920920,0.0,-9999.0
19920921,0.0,-9999.0
19920922,0.0,-9999.0
19920923,2.6,-9999.0
19920924,0.0,-9999.0
19920925,0.0,-9999.0
19920926,0.0,-9999.0
19920927,0.0,-9999.0
19920928,0.0,-9999.0
19920929,0.0,-9999.0
19920930,3.6,-9999.0
19921001,0.7,-9999.0
19921002,0.0,-9999.0
19921003,0.0,-9999.0
19921004,1.7,-9999.0
19921005,21.3,-9999.0
19921006,0.0,-9999.0
19921007,0.1,-9999.0
19921008,3.6,-9999.0
19921009,0.0,-9999.0
19921010,0.0,-9999.0
19921011,6.7,-9999.0
19921012,23.3,-9999.0
19921013,0.0,-9999.0
19921014,0.0,-9999.0
19921015,1.3,-9999.0
19921016,1.0,-9999.0
19921017,0.0,-9999.0
19921018,0.0,-9999.0
19921019,0.0,-9999.0
19921020,0.0,-9999.0
19921021,0.0,-9999.0
19921022,0.0,-9999.0
19921023,0.0,-9999.0
19921024,0.0,-9999.0
19921025,0.0,-9999.0
19921026,0.0,-9999.0
19921027,0.6,-9999.0
19921028,0.0,-9999.0
19921029,0.0,-9999.0
19921030,0.0,-9999.0
19921031,0.1,-9999.0
19921101,0.0,-9999.0
19921102,0.0,-9999.0
19921103,0.0,-9999.0
19921104,0.0,-9999.0
19921105,0.0,-9999.0
19921106,0.0,-9999.0
19921107,0.1,-9999.0
19921108,0.0,-9999.0
19921109,0.0,-9999.0
19921110,0.0,-9999.0
19921111,0.0,-9999.0
19921112,0.1,-9999.0
19921113,13.7,-9999.0
19921114,1.8,-9999.0
19921115,0.3,-9999.0
19921116,0.0,-9999.0
19921117,0.0,-9999.0
19921118,0.0,-9999.0
19921119,0.0,-9999.0
19921120,0.0,-9999.0
19921121,0.0,-9999.0
19921122,0.2,-9999.0
19921123,0.7,-9999.0
19921124,0.0,-9999.0
19921125,0.0,-9999.0
19921126,0.0,-9999.0
19921127,1.0,-9999.0
19921128,0.0,-9999.0
19921129,0.0,-9999.0
19921130,3.3,-9999.0
19921201,0.0,-9999.0
19921202,0.0,-9999.0
19921203,0.0,-9999.0
19921204,0.1,-9999.0
19921205,0.0,-9999.0
19921206,1.6,-9999.0
19921207,5.5,-9999.0
19921208,0.3,-9999.0
19921209,0.0,-9999.0
19921210,7.8,-9999.0
19921211,2.9,-9999.0
19921212,0.0,-9999.0
19921213,2.3,-9999.0
19921214,0.0,-9999.0
19921215,0.0,-9999.0
19921216,0.0,-9999.0
19921217,0.0,-9999.0
19921218,0.0,-9999.0
19921219,0.0,-9999.0
19921220,0.0,-9999.0
19921221,0.1,-9999.0
19921222,1.7,-9999.0
19921223,0.0,-9999.0
19921224,0.0,-9999.0
19921225,0.0,-9999.0
19921226,0.0,-9999.0
19921227,0.0,-9999.0
19921228,0.0,-9999.0
19921229,0.0,-9999.0
19921230,0.0,-9999.0
19921231,0.0,-9999.0
